FID,FID_1,OBJECTID,Cession_Da,Nation_Cor,LinkRoyce,LinkKapple,Year_value,Square_Mil
0,0,585,-2839708800000.000000000000000,Navajo,https://archive.org/stream/annualreportofbu218smit#page/898/mode/2up, ,1880,3037.596121210000100
1,1,586,-2834524800000.000000000000000,Ute,https://archive.org/stream/annualreportofbu218smit#page/898/mode/2up, ,1880,28694.565052800001000
2,2,587,-2834524800000.000000000000000,Ute,https://archive.org/stream/annualreportofbu218smit#page/898/mode/2up, ,1880,2681.425881109999900
3,3,588,-2834524800000.000000000000000,Nez Perce,https://archive.org/stream/annualreportofbu218smit#page/898/mode/2up, ,1880,4086.445331389999900
4,4,589,-2826057600000.000000000000000,Crow,https://archive.org/stream/annualreportofbu218smit#page/900/mode/2up, ,1880,5216.703082770000000
5,5,590,-2823379200000.000000000000000,"Arikara, Gros Ventre, and Mandan",https://archive.org/stream/annualreportofbu218smit#page/900/mode/2up, ,1880,22032.560346700000000
6,6,591,-2823379200000.000000000000000,"Arikara, Gros Ventre, and Mandan",https://archive.org/stream/annualreportofbu218smit#page/900/mode/2up, ,1880,10174.863815999999000
7,7,592,-2823379200000.000000000000000,"Gros Ventre, Piegan, Blood, Blackfoot, and River Crow",https://archive.org/stream/annualreportofbu218smit#page/902/mode/2up, ,1880,18040.435430500002000
8,8,593,-2823379200000.000000000000000,"Gros Ventre, Piegan, Blood, Blackfoot, and River Crow",https://archive.org/stream/annualreportofbu218smit#page/902/mode/2up, ,1880,4764.668145530000400
9,9,594,-2817331200000.000000000000000,Jicarilla Apache,https://archive.org/stream/annualreportofbu218smit#page/902/mode/2up, ,1880,767.279925219000010
10,10,595,-2807049600000.000000000000000,Spokane,https://archive.org/stream/annualreportofbu218smit#page/902/mode/2up, ,1881,630.976116639000000
11,11,596,-2803248000000.000000000000000,Otoe-Missouria,https://archive.org/stream/annualreportofbu218smit#page/904/mode/2up, ,1881,133.670941309999990
12,12,597,-2803248000000.000000000000000,Otoe-Missouria,https://archive.org/stream/annualreportofbu218smit#page/904/mode/2up, ,1881,318.562664107999980
13,13,598,-2803248000000.000000000000000,Ponca,https://archive.org/stream/annualreportofbu218smit#page/904/mode/2up, ,1881,256.551657137000010
14,14,599,-2778019200000.000000000000000,Chippewa,https://archive.org/stream/annualreportofbu218smit#page/904/mode/2up, ,1881,12.513434700500000
15,15,600,-2776636800000.000000000000000,Uncompahgre Ute,https://archive.org/stream/annualreportofbu218smit#page/904/mode/2up, ,1882,4890.448123440000000
16,16,601,-2774995200000.000000000000000,Sioux,https://archive.org/stream/annualreportofbu218smit#page/904/mode/2up, ,1882,109.827839779000000
17,17,602,-2774995200000.000000000000000,Sioux,https://archive.org/stream/annualreportofbu218smit#page/904/mode/2up, ,1882,55631.706221000000000
18,18,603,-2769292800000.000000000000000,Havasupai,https://archive.org/stream/annualreportofbu218smit#page/906/mode/2up, ,1882,15.879779314100000
19,19,604,-2766268800000.000000000000000,Pima and Maricopa,https://archive.org/stream/annualreportofbu218smit#page/906/mode/2up, ,1882,63.075278084700003
20,20,605,-2760566400000.000000000000000,Crow,https://archive.org/stream/annualreportofbu218smit#page/908/mode/2up, ,1882,16430.234076000001000
21,21,606,-2758147200000.000000000000000,Omaha,https://archive.org/stream/annualreportofbu218smit#page/908/mode/2up, ,1882,191.020331279999990
22,22,607,-2758147200000.000000000000000,Omaha,https://archive.org/stream/annualreportofbu218smit#page/908/mode/2up, ,1882,400.673984324999990
23,23,608,-2758147200000.000000000000000,Omaha,https://archive.org/stream/annualreportofbu218smit#page/908/mode/2up, ,1882,3478.156781119999800
24,24,609,-2747174400000.000000000000000,Tohono O’odham,https://archive.org/stream/annualreportofbu218smit#page/908/mode/2up, ,1882,56.147508112700002
25,25,610,-2746828800000.000000000000000,Moqui Pueblo,https://archive.org/stream/annualreportofbu218smit#page/908/mode/2up, ,1882,6039.082598089999900
26,26,611,-2745187200000.000000000000000,Hualapai Pueblo,https://archive.org/stream/annualreportofbu218smit#page/910/mode/2up, ,1883,2335.436531299999800
27,27,612,-2740867200000.000000000000000,Nez Perce,https://archive.org/stream/annualreportofbu218smit#page/910/mode/2up, ,1883,2395.528778980000000
28,28,613,-2738361600000.000000000000000,Mescalero Apache,https://archive.org/stream/annualreportofbu218smit#page/910/mode/2up, ,1883,1094.741438950000000
29,29,614,-2738361600000.000000000000000,Mescalero Apache,https://archive.org/stream/annualreportofbu218smit#page/910/mode/2up, ,1883,574.314790549000010
30,30,615,-2735078400000.000000000000000,Zuni,https://archive.org/stream/annualreportofbu218smit#page/910/mode/2up, ,1883,614.432793919999990
31,31,616,-2733350400000.000000000000000,Malheur Indian reservation,https://archive.org/stream/annualreportofbu218smit#page/910/mode/2up, ,1883,995.754691600999990
32,32,617,-2733350400000.000000000000000,Camp Harney reservation,https://archive.org/stream/annualreportofbu218smit#page/912/mode/2up, ,1883,2.376312424900000
33,33,618,-2729376000000.000000000000000,Quechan,https://archive.org/stream/annualreportofbu218smit#page/912/mode/2up, ,1883,373.621000417000000
34,34,619,-2725920000000.000000000000000,Iowa,https://archive.org/stream/annualreportofbu218smit#page/912/mode/2up, ,1883,567.821977831000030
35,35,620,-2725920000000.000000000000000,Kickapoo,https://archive.org/stream/annualreportofbu218smit#page/912/mode/2up, ,1883,489.336822557999990
36,36,621,-2717971200000.000000000000000,Pima and Maricopa,https://archive.org/stream/annualreportofbu218smit#page/914/mode/2up, ,1883,512.442723318000050
37,37,622,-2713219200000.000000000000000,Quechan,https://archive.org/stream/annualreportofbu218smit#page/914/mode/2up, ,1884,181.863229087000010
38,38,623,-2707084800000.000000000000000,Sioux,https://archive.org/stream/annualreportofbu218smit#page/914/mode/2up, ,1884,267.215108395000020
39,39,624,-2706307200000.000000000000000,Turtle Mountain band of Chippewa,https://archive.org/stream/annualreportofbu218smit#page/916/mode/2up, ,1884,1622.391004690000000
40,40,625,-2702073600000.000000000000000,Navajo,https://archive.org/stream/annualreportofbu218smit#page/916/mode/2up, ,1884,7289.601209329999600
41,41,626,-2700604800000.000000000000000,Turtle Mountain band of Chippewa,https://archive.org/stream/annualreportofbu218smit#page/916/mode/2up, ,1884,170.074083058000010
42,42,627,-2697235200000.000000000000000,Chilocco,https://archive.org/stream/annualreportofbu218smit#page/916/mode/2up, ,1884,24.771422619799999
43,43,628,-2640988800000.000000000000000,Navajo,https://archive.org/stream/annualreportofbu218smit#page/920/mode/2up, ,1886,102.677933911000000
44,44,629,-2640384000000.000000000000000,Nez Perce,https://archive.org/stream/annualreportofbu218smit#page/920/mode/2up, ,1886,3577.564292909999900
45,45,630,-2640124800000.000000000000000,Paiute,https://archive.org/stream/annualreportofbu218smit#page/920/mode/2up, ,1886,166.253802737000000
46,46,631,-2627164800000.000000000000000,Chehalis,https://archive.org/stream/annualreportofbu218smit#page/920/mode/2up, ,1886,3.740165226600000
47,47,632,-2627164800000.000000000000000,Jemez Pueblo,https://archive.org/stream/annualreportofbu218smit#page/920/mode/2up, ,1886,40.632494609200002
48,48,633,-2627164800000.000000000000000,Acoma Pueblo,https://archive.org/stream/annualreportofbu218smit#page/920/mode/2up, ,1886,202.693032885000010
49,49,634,-2627164800000.000000000000000,San Juan Pueblo,https://archive.org/stream/annualreportofbu218smit#page/920/mode/2up, ,1886,36.790978853799999
50,50,635,-2627164800000.000000000000000,Picuris Pueblo,https://archive.org/stream/annualreportofbu218smit#page/920/mode/2up, ,1886,44.374381238100000
51,51,636,-2627164800000.000000000000000,San Felipe Pueblo,https://archive.org/stream/annualreportofbu218smit#page/920/mode/2up, ,1886,84.633224177100004
52,52,637,-2627164800000.000000000000000,Pecos Pueblo,https://archive.org/stream/annualreportofbu218smit#page/920/mode/2up, ,1886,49.532252429000003
53,53,638,-2627164800000.000000000000000,Cochiti Pueblo,https://archive.org/stream/annualreportofbu218smit#page/920/mode/2up, ,1886,55.171874756699999
54,54,639,-2627164800000.000000000000000,Santo Domingo Pueblo,https://archive.org/stream/annualreportofbu218smit#page/920/mode/2up, ,1886,190.291326478999990
55,55,640,-2627164800000.000000000000000,Taos Pueblo,https://archive.org/stream/annualreportofbu218smit#page/920/mode/2up, ,1886,42.263505501600001
56,56,641,-2627164800000.000000000000000,Santa Clara Pueblo,https://archive.org/stream/annualreportofbu218smit#page/920/mode/2up, ,1886,29.849503280400000
57,57,642,-2627164800000.000000000000000,Tesuque Pueblo,https://archive.org/stream/annualreportofbu218smit#page/920/mode/2up, ,1886,40.414818491100000
58,58,643,-2627164800000.000000000000000,San Ildefonso Pueblo,https://archive.org/stream/annualreportofbu218smit#page/920/mode/2up, ,1886,56.182118299300001
59,59,644,-2627164800000.000000000000000,Pojoaque Pueblo,https://archive.org/stream/annualreportofbu218smit#page/922/mode/2up, ,1886,50.831318214100001
60,60,645,-2627164800000.000000000000000,Zia Pueblo,https://archive.org/stream/annualreportofbu218smit#page/922/mode/2up, ,1886,40.619027400000000
61,61,646,-2627164800000.000000000000000,Sandia Pueblo,https://archive.org/stream/annualreportofbu218smit#page/922/mode/2up, ,1886,72.056714299199996
62,62,647,-2627164800000.000000000000000,Isleta Pueblo,https://archive.org/stream/annualreportofbu218smit#page/922/mode/2up, ,1886,288.501311961999990
63,63,648,-2627164800000.000000000000000,Nambe Pueblo,https://archive.org/stream/annualreportofbu218smit#page/922/mode/2up, ,1886,34.203283767300000
64,64,649,-2627164800000.000000000000000,Laguna Pueblo,https://archive.org/stream/annualreportofbu218smit#page/922/mode/2up, ,1886,447.414614879000000
65,65,650,-2627164800000.000000000000000,Santa Ana Pueblo,https://archive.org/stream/annualreportofbu218smit#page/922/mode/2up, ,1886,46.864208073500002
66,66,651,-2627164800000.000000000000000,Zuni Pueblo,https://archive.org/stream/annualreportofbu218smit#page/922/mode/2up, ,1886,54.660776463099999
67,67,652,-2627164800000.000000000000000,Moqui Pueblo,https://archive.org/stream/annualreportofbu218smit#page/922/mode/2up, ,1886,2258.643772400000200
68,68,653,-2627164800000.000000000000000,Hualapai Pueblo,https://archive.org/stream/annualreportofbu218smit#page/922/mode/2up, ,1886,7875.178206149999800
69,69,654,-2627164800000.000000000000000,Mojave,https://archive.org/stream/annualreportofbu218smit#page/922/mode/2up, ,1886,5145.797004350000000
70,70,655,-2627164800000.000000000000000,Quechan,https://archive.org/stream/annualreportofbu218smit#page/922/mode/2up, ,1886,8307.620933239999400
71,71,656,-2627164800000.000000000000000,Cocopah,https://archive.org/stream/annualreportofbu218smit#page/922/mode/2up, ,1886,719.053759797000000
72,72,657,-2627164800000.000000000000000,"Tohono O’odham, Pima, and Maricopa",https://archive.org/stream/annualreportofbu218smit#page/922/mode/2up, ,1886,22072.107256600000000
73,73,658,-2627164800000.000000000000000,Apache,https://archive.org/stream/annualreportofbu218smit#page/922/mode/2up, ,1886,107379.990185000000000
74,74,659,-2627164800000.000000000000000,Apache,https://archive.org/stream/annualreportofbu218smit#page/922/mode/2up, ,1886,126351.850924000000000
75,75,660,-2627164800000.000000000000000,Sac and Fox,https://archive.org/stream/annualreportofbu218smit#page/922/mode/2up, ,1886,10.601557777800000
76,76,661,-2615673600000.000000000000000,Jicarilla Apache,https://archive.org/stream/annualreportofbu218smit#page/924/mode/2up, ,1887,294.361980137999980
77,77,662,-2577225600000.000000000000000,"Gros Ventre, Piegan",https://archive.org/stream/annualreportofbu218smit#page/924/mode/2up, ,1888,52402.959490699999000
78,78,663,-2577225600000.000000000000000,Indians of Fort Peck agency,https://archive.org/stream/annualreportofbu218smit#page/924/mode/2up, ,1888,7869.270151620000400
79,79,664,-2577225600000.000000000000000,Indians of Fort Belknap,https://archive.org/stream/annualreportofbu218smit#page/924/mode/2up, ,1888,2346.058334070000000
80,80,665,-2577225600000.000000000000000,Indians of Blackfoot Agency,https://archive.org/stream/annualreportofbu218smit#page/924/mode/2up, ,1888,7722.162949399999900
81,81,666,-2558476800000.000000000000000,Umatilla,https://archive.org/stream/annualreportofbu218smit#page/928/mode/2up, ,1888,511.901691000000030
82,82,667,-2558476800000.000000000000000,Umatilla,https://archive.org/stream/annualreportofbu218smit#page/928/mode/2up, ,1888,484.916500444000010
83,83,668,-2550960000000.000000000000000,Muscogee,https://archive.org/stream/annualreportofbu218smit#page/930/mode/2up, ,1889,4650.546174449999900
84,84,669,-2550873600000.000000000000000,Sioux,https://archive.org/stream/annualreportofbu218smit#page/930/mode/2up, ,1889,25726.767668000000000
85,85,670,-2550873600000.000000000000000,Pine Ridge Sioux,https://archive.org/stream/annualreportofbu218smit#page/932/mode/2up, ,1889,8868.871908350000000
86,86,671,-2550873600000.000000000000000,Rosebud Sioux,https://archive.org/stream/annualreportofbu218smit#page/932/mode/2up, ,1889,9221.119402489999600
87,87,672,-2550873600000.000000000000000,Standing Rock Sioux,https://archive.org/stream/annualreportofbu218smit#page/932/mode/2up, ,1889,7513.004474209999900
88,88,673,-2550873600000.000000000000000,Cheyenne River Sioux,https://archive.org/stream/annualreportofbu218smit#page/932/mode/2up, ,1889,9244.942824120000300
89,89,674,-2550873600000.000000000000000,Lower Brulé Sioux,https://archive.org/stream/annualreportofbu218smit#page/934/mode/2up, ,1889,1416.262070850000100
90,90,675,-2539814400000.000000000000000,Chippewa,https://archive.org/stream/annualreportofbu218smit#page/934/mode/2up, ,1889,10043.508993100000000
91,91,676,-2539814400000.000000000000000,Red Lake Chippewa,https://archive.org/stream/annualreportofbu218smit#page/934/mode/2up, ,1889,3132.445955449999900
92,92,677,-2539814400000.000000000000000,White Earth Chippewa,https://archive.org/stream/annualreportofbu218smit#page/936/mode/2up, ,1889,328.475562931000010
93,93,678,-2539814400000.000000000000000,White Earth Chippewa,https://archive.org/stream/annualreportofbu218smit#page/936/mode/2up, ,1889,2370.685403529999800
94,94,679,-2539814400000.000000000000000,"White Oak Chippewa, Pillager Chippewa, Winnibigoshish Chippewa",https://archive.org/stream/annualreportofbu218smit#page/936/mode/2up, ,1889,2949.517918950000000
95,95,680,-2521065600000.000000000000000,Cheyenne River Sioux,https://archive.org/stream/annualreportofbu218smit#page/938/mode/2up, ,1890,69.295443266099994
96,96,681,-2487715200000.000000000000000,"Gros Ventre, and Mandan",https://archive.org/stream/annualreportofbu218smit#page/942/mode/2up, ,1891,6647.120687710000300
97,97,682,-2487715200000.000000000000000,"Gros Ventre, and Mandan",https://archive.org/stream/annualreportofbu218smit#page/942/mode/2up, ,1891,3492.311362460000100
98,98,683,-2487715200000.000000000000000,Crow,https://archive.org/stream/annualreportofbu218smit#page/942/mode/2up, ,1891,6039.734958480000400
99,99,684,-2487715200000.000000000000000,Crow,https://archive.org/stream/annualreportofbu218smit#page/942/mode/2up, ,1891,10549.704250299999000
100,100,685,-2446934400000.000000000000000,Fort Berthold,https://archive.org/stream/annualreportofbu218smit#page/944/mode/2up, ,1892,50.311170310300000
101,101,686,-2445724800000.000000000000000,Colville Indians,https://archive.org/stream/annualreportofbu218smit#page/944/mode/2up, ,1892,5318.672653130000100
102,102,687,-2445724800000.000000000000000,Colville Indians,https://archive.org/stream/annualreportofbu218smit#page/944/mode/2up, ,1892,5109.822778920000000
103,103,688,-2433369600000.000000000000000,Chippewa,https://archive.org/stream/annualreportofbu218smit#page/944/mode/2up, ,1892,16.023486680800001
104,104,689,-2425507200000.000000000000000,White Mountain Apache,https://archive.org/stream/annualreportofbu218smit#page/944/mode/2up, ,1893,84.673974491300001
105,105,690,-4839436800000.000000000000000,"Ottawa, Chippewa, and Potawatomi",https://archive.org/stream/annualreportofbu218smit#page/682/mode/2up,http://digital.library.okstate.edu/Kappler/Vol2/treaties/ott0132.htm,1816,90.127920373300000
106,106,691,-4426531200000.000000000000000,Delaware,https://archive.org/stream/annualreportofbu218smit#page/724/mode/2up,http://digital.library.okstate.edu/Kappler/Vol2/treaties/del0170.htm,1829,4426.196649909999900
107,107,692,-2685398400000.000000000000000,Northern Cheyenne,https://archive.org/stream/annualreportofbu218smit#page/918/mode/2up, ,1884,1030.014991210000100
108,108,693,-4794854400000.000000000000000,Muscogee,https://archive.org/stream/annualreportofbu218smit#page/688/mode/2up,http://digital.library.okstate.edu/Kappler/Vol2/treaties/cre0155.htm,1818,827.015610195000020
109,109,694,1262304000000.000000000000000,Acoma Indian Reservation, , ,2010,585.313133656999980
110,110,695,1262304000000.000000000000000,Agua Caliente Indian Reservation, , ,2010,72.147529822400003
111,111,696,1262304000000.000000000000000,Alabama-Coushatta Indian Reservation, , ,2010,5.409667699700000
112,112,697,1262304000000.000000000000000,Alamo Navajo Indian Reservation, , ,2010,148.698118359000010
113,113,698,1262304000000.000000000000000,Allegany Indian Reservation, , ,2010,75.560218286899996
114,114,699,1262304000000.000000000000000,Alturas Rancheria, , ,2010,2.701846592100000
115,115,700,1262304000000.000000000000000,Annette Islands Indian Reservation, , ,2010,409.492150450000000
116,116,701,1262304000000.000000000000000,Bad River Indian Reservation, , ,2010,490.315528492000000
117,117,702,1262304000000.000000000000000,Barona Rancheria, , ,2010,11.695802833400000
118,118,703,1262304000000.000000000000000,Bay Mills Indian Reservation, , ,2010,8.430672155700000
119,119,704,1262304000000.000000000000000,Berry Creek Rancheria, , ,2010,1.722041293400000
120,120,705,1262304000000.000000000000000,Big Cypress Indian Reservation, , ,2010,136.162639514000010
121,121,706,1262304000000.000000000000000,Bishop Rancheria, , ,2010,4.559741785400000
122,122,707,1262304000000.000000000000000,Blackfeet Indian Reservation, , ,2010,5541.906736250000000
123,123,708,1262304000000.000000000000000,Bois Forte Indian Reservation, , ,2010,502.006260684999970
124,124,709,1262304000000.000000000000000,Brighton Indian Reservation, , ,2010,70.825626113499993
125,125,710,1262304000000.000000000000000,Cabazon Indian Reservation, , ,2010,3.713978798100000
126,126,711,1262304000000.000000000000000,Cahuilla Indian Reservation, , ,2010,40.211375420200000
127,127,712,1262304000000.000000000000000,Camp Verde Indian Reservation, , ,2010,1.905279261900000
128,128,713,1262304000000.000000000000000,Campo Indian Reservation, , ,2010,33.010682739499998
129,129,714,1262304000000.000000000000000,Canoncito Indian Reservation, , ,2010,181.176537184000010
130,130,715,1262304000000.000000000000000,Capitan Grande Indian Reservation, , ,2010,41.363117788099999
131,131,716,1262304000000.000000000000000,Cattaraugus Indian Reservation, , ,2010,77.192830102100004
132,132,717,1262304000000.000000000000000,Chehalis Indian Reservation, , ,2010,13.497823582800001
133,133,718,1262304000000.000000000000000,Chemehuevi Indian Reservation, , ,2010,97.447988299599999
134,134,719,1262304000000.000000000000000,Cheyenne River Indian Reservation, , ,2010,8480.022382870000000
135,135,720,1262304000000.000000000000000,Chitamacha Indian Reservation, , ,2010,1.426080342100000
136,136,721,1262304000000.000000000000000,Cochiti Indian Reservation, , ,2010,124.034282952000000
137,137,722,1262304000000.000000000000000,Cocopah Indian Reservation, , ,2010,5.080695457700000
138,138,723,1262304000000.000000000000000,Coeur d'Alene Indian Reservation, , ,2010,1171.340464339999900
139,139,724,1262304000000.000000000000000,Colorado River Indian Reservation, , ,2010,635.742634942999980
140,140,725,1262304000000.000000000000000,Colville Indian Reservation, , ,2010,4795.604456480000400
141,141,726,1262304000000.000000000000000,Coos Lower Umpqua And Siuslaw Indian Reservation, , ,2010,6.986522530500000
142,142,727,1262304000000.000000000000000,Crow Creek Indian Reservation, , ,2010,984.460726840000010
143,143,728,1262304000000.000000000000000,Crow Indian Reservation, , ,2010,7061.091210550000100
144,144,729,1262304000000.000000000000000,Cuyapaipe Indian Reservation, , ,2010,11.679456089800000
145,145,730,1262304000000.000000000000000,Duck Valley Indian Reservation, , ,2010,817.020924195000020
146,146,731,1262304000000.000000000000000,Duckwater Indian Reservation, , ,2010,11.440821505500001
147,147,732,1262304000000.000000000000000,Eastern Cherokee Indian Reservation, , ,2010,119.775711851000000
148,148,733,1262304000000.000000000000000,Fallon Indian Reservation, , ,2010,21.619041892599999
149,149,734,1262304000000.000000000000000,Flandreau Indian Reservation, , ,2010,11.673073261700001
150,150,735,1262304000000.000000000000000,Flathead Indian Reservation, , ,2010,4443.671598080000000
151,151,736,1262304000000.000000000000000,Fond du Lac Indian Reservation, , ,2010,354.008827983000000
152,152,737,1262304000000.000000000000000,Fort Apache Indian Reservation, , ,2010,3812.359588180000200
153,153,738,1262304000000.000000000000000,Fort Belknap Indian Reservation, , ,2010,2192.486430500000100
154,154,739,1262304000000.000000000000000,Fort Berthold Indian Reservation, , ,2010,3620.544016039999900
155,155,740,1262304000000.000000000000000,Fort Bidwell Indian Reservation, , ,2010,9.558178796200000
156,156,741,1262304000000.000000000000000,Fort Hall Indian Reservation, , ,2010,1544.849635510000100
157,157,742,1262304000000.000000000000000,Fort Independence Indian Reservation, , ,2010,1.571230231100000
158,158,743,1262304000000.000000000000000,Fort McDermitt Indian Reservation, , ,2010,120.745465639000000
159,159,744,1262304000000.000000000000000,Fort McDowell Indian Reservation, , ,2010,51.985349281500000
160,160,745,1262304000000.000000000000000,Fort Mojave Indian Reservation, , ,2010,113.441680523000000
161,161,746,1262304000000.000000000000000,Fort Peck Indian Reservation, , ,2010,7488.728650609999900
162,162,747,1262304000000.000000000000000,Fort Yuma Indian Reservation, , ,2010,113.799333238000000
163,163,748,1262304000000.000000000000000,Gila Bend Indian Reservation, , ,2010,21.948457703599999
164,164,749,1262304000000.000000000000000,Gila River Indian Reservation, , ,2010,798.710847474000050
165,165,750,1262304000000.000000000000000,Goshute Indian Reservation, , ,2010,289.276956590999990
166,166,751,1262304000000.000000000000000,Grand Portage Indian Reservation, , ,2010,139.770495283000000
167,167,752,1262304000000.000000000000000,Grand Ronde Indian Reservation, , ,2010,30.126851358000000
168,168,753,1262304000000.000000000000000,Greenville Rancheria, , ,2010,1.749438121400000
169,169,754,1262304000000.000000000000000,Hannahville Indian Reservation, , ,2010,9.684618603800001
170,170,755,1262304000000.000000000000000,Havasupai Indian Reservation, , ,2010,421.279032647000010
171,171,756,1262304000000.000000000000000,Hoopa Valley Indian Reservation, , ,2010,238.254867921999990
172,172,757,1262304000000.000000000000000,Hopi Indian Reservation, , ,2010,3868.120062470000000
173,173,758,1262304000000.000000000000000,Hopland Indian Reservation, , ,2010,1.834658471800000
174,174,759,1262304000000.000000000000000,Hualapai Indian Reservation, , ,2010,2419.761102089999900
175,175,760,1262304000000.000000000000000,Inaja Indian Reservation, , ,2010,1.794687095700000
176,176,761,1262304000000.000000000000000,Iowa Indian Reservation, , ,2010,24.503123966499999
177,177,762,1262304000000.000000000000000,Isabella Indian Reservation, , ,2010,410.192180811000010
178,178,763,1262304000000.000000000000000,Isleta Indian Reservation, , ,2010,489.767615724000000
179,179,764,1262304000000.000000000000000,Jemez Indian Reservation, , ,2010,208.761629924000000
180,180,765,1262304000000.000000000000000,Jicarilla Apache Indian Reservation, , ,2010,2110.815376170000000
181,181,766,1262304000000.000000000000000,Kaibab Indian Reservation, , ,2010,296.753517553999980
182,182,767,1262304000000.000000000000000,Kalispel Indian Reservation, , ,2010,19.356856071300001
183,183,768,1262304000000.000000000000000,Kickapoo Indian Reservation, , ,2010,49.710545353000001
184,184,769,1262304000000.000000000000000,Kootenai Indian Reservation, , ,2010,9.166101320899999
185,185,770,1262304000000.000000000000000,L'Anse Indian Reservation, , ,2010,198.529853699000000
186,186,771,1262304000000.000000000000000,La Jolla Indian Reservation, , ,2010,18.340650466700001
187,187,772,1262304000000.000000000000000,La Posta Indian Reservation, , ,2010,8.220576302100000
188,188,773,1262304000000.000000000000000,Lac Courte Oreilles Indian Reservation, , ,2010,237.245037864000010
189,189,774,1262304000000.000000000000000,Lac du Flambeau Indian Reservation, , ,2010,281.005847329999990
190,190,775,1262304000000.000000000000000,Laguna Indian Reservation, , ,2010,984.560487523000010
191,191,776,1262304000000.000000000000000,Lake Traverse Indian Reservation, , ,2010,3051.477340030000100
192,192,777,1262304000000.000000000000000,Las Vegas Colony Indian Reservation, , ,2010,9.791658318600000
193,193,778,1262304000000.000000000000000,Leech Lake Indian Reservation, , ,2010,2943.513868890000100
194,194,779,1262304000000.000000000000000,Los Coyotes Indian Reservation, , ,2010,55.943457788499998
195,195,780,1262304000000.000000000000000,Lower Brule Indian Reservation, , ,2010,683.587197811000010
196,196,781,1262304000000.000000000000000,Lower Elwha Indian Reservation, , ,2010,2.371222677900000
197,197,782,1262304000000.000000000000000,Lower Sioux Indian Reservation, , ,2010,8.979821036400001
198,198,783,1262304000000.000000000000000,Lummi Indian Reservation, , ,2010,46.482978692800003
199,199,784,1262304000000.000000000000000,Makah Indian Reservation, , ,2010,99.749392065899997
200,200,785,1262304000000.000000000000000,Manzanita Indian Reservation, , ,2010,7.869049277400000
201,201,786,1262304000000.000000000000000,Maricopa Indian Reservation, , ,2010,43.641228937800001
202,202,787,1262304000000.000000000000000,Menominee Indian Reservation, , ,2010,730.342102444000030
203,203,788,1262304000000.000000000000000,Mesa Grande Indian Reservation, , ,2010,8.275693495400001
204,204,789,1262304000000.000000000000000,Mescalero Apache Indian Reservation, , ,2010,1028.276891669999900
205,205,790,1262304000000.000000000000000,Miccosukee Indian Reservation, , ,2010,157.530380589000000
206,206,791,1262304000000.000000000000000,Mille Lacs Indian Reservation, , ,2010,6.366033529300000
207,207,792,1262304000000.000000000000000,Mission Indian Reservation, , ,2010,19.225110823700000
208,208,793,1262304000000.000000000000000,Mississippi Choctaw Indian Reservation, , ,2010,39.021831554899997
209,209,794,1262304000000.000000000000000,Moapa River Indian Reservation, , ,2010,174.948523725999990
210,210,795,1262304000000.000000000000000,Morongo Indian Reservation, , ,2010,69.448679177100004
211,211,796,1262304000000.000000000000000,Muckleshoot Indian Reservation, , ,2010,13.135130485400000
212,212,797,1262304000000.000000000000000,Nambe Indian Reservation, , ,2010,47.863564031099997
213,213,798,1262304000000.000000000000000,Navajo Indian Reservation, , ,2010,32025.860492399999000
214,214,799,1262304000000.000000000000000,Nez Perce Indian Reservation, , ,2010,2525.149463889999900
215,215,800,1262304000000.000000000000000,Nisqually Indian Reservation, , ,2010,17.193434084000000
216,216,801,1262304000000.000000000000000,Northern Cheyenne Indian Reservation, , ,2010,1420.917964049999900
217,217,802,1262304000000.000000000000000,Oil Springs Indian Reservation, , ,2010,2.983712050000000
218,218,803,1262304000000.000000000000000,Omaha Indian Reservation, , ,2010,368.855835044000000
219,219,804,-3748636800000.000000000000000,"Siyante, Potoyanti, Coconoon, Apangasse, Aplache, and Awallache",https://archive.org/stream/annualreportofbu218smit#page/780/mode/2up, ,1851,258.390937586000010
220,220,805,-3745094400000.000000000000000,"Howechee, Chookchanee, Chowchilla, Pohoneechee, Nukchu, Pitcatchee, Casson, Toomna, Tallinchee, Paskesa, Wachaet, Itachee, Choenemnee, Chokimena, Wemalche, and Notonoto",https://archive.org/stream/annualreportofbu218smit#page/782/mode/2up, ,1851,2025.206019290000100
221,221,806,-3743884800000.000000000000000,"Tache, Cahwia, Yokol, Lolumne, Wicchumne, Holcuma, Toeneche, Tuhucmach, Intimpeach, Choinuck, Wemilche, and Notonoto",https://archive.org/stream/annualreportofbu218smit#page/782/mode/2up, ,1851,885.509547315999950
222,222,807,-3742416000000.000000000000000,"Koyate, Wolasi, Newchowwe, Wacksache, Palwisha, Pokenwell, and Yawilchine",https://archive.org/stream/annualreportofbu218smit#page/782/mode/2up, ,1851,1405.937195810000000
223,223,808,-3742416000000.000000000000000,"Koyate, Wolasi, Newchowwe, Wacksache, Palwisha, Pokenwell, and Yawilchine",https://archive.org/stream/annualreportofbu218smit#page/782/mode/2up, ,1851,578.949139008999960
224,224,809,-3742588800000.000000000000000,"Ionohumne, Wechilla, Sucaah, Cotoplanenee, Chappahsim, and Sagewomnee",https://archive.org/stream/annualreportofbu218smit#page/782/mode/2up, ,1851,235.030196990000010
225,225,810,-3742070400000.000000000000000,"Chunute, Wowol, Yolumne, and Coyetie",https://archive.org/stream/annualreportofbu218smit#page/782/mode/2up, ,1851,975.259447465999980
226,226,811,-3742070400000.000000000000000,"Chunute, Wowol, Yolumne, and Coyetie",https://archive.org/stream/annualreportofbu218smit#page/782/mode/2up, ,1851,1470.561905719999900
227,227,812,-3741465600000.000000000000000,"Castake, Tejon, San Imiri, Uva, Carise, Buena Vista, Senahuow, Holoclame, Sohonut, Tocia, and Holmiuk",https://archive.org/stream/annualreportofbu218smit#page/782/mode/2up, ,1851,1864.326111290000000
228,228,813,-3738182400000.000000000000000,"Daspia, Yamado, Yollamer, Waidepacan, Onopoma, Moneda, Wannuck, Nemshaw, Benopi, and Yacumna",https://archive.org/stream/annualreportofbu218smit#page/784/mode/2up, ,1851,331.003670719000010
229,229,814,-3736972800000.000000000000000,"Mechoopda Maidu, Eskiun, Hololupi, Toto, Sunu, Cheno, Batsi, Yutduc, and Semsawa",https://archive.org/stream/annualreportofbu218smit#page/784/mode/2up, ,1851,222.172621695000000
230,230,815,-3735676800000.000000000000000,"Noemanoema, Ylacca, and Noimenoime",https://archive.org/stream/annualreportofbu218smit#page/784/mode/2up, ,1851,2663.051026910000000
231,231,816,-3735331200000.000000000000000,"Calanapo, Habinapo, Danohabo, Moalkai, Checom, Howkuma, Chanelkai, and Medamarec",https://archive.org/stream/annualreportofbu218smit#page/784/mode/2up, ,1851,616.538950118999990
232,232,817,-3733603200000.000000000000000,"Colu, Willay, Cohama, Tatnah, Cha, Docduc, Chametko, and Tocde",https://archive.org/stream/annualreportofbu218smit#page/786/mode/2up, ,1851,118.565549121999990
233,233,818,-3732825600000.000000000000000,"Culee, Yasee, Loclumne, and Wopumne",https://archive.org/stream/annualreportofbu218smit#page/786/mode/2up, ,1851,516.307864804000020
234,234,819,-3731270400000.000000000000000,"Lower Klamath, Upper Klamath, and Hoopa or Trinity River",https://archive.org/stream/annualreportofbu218smit#page/788/mode/2up, ,1851,528.077264530999970
235,235,820,-3728764800000.000000000000000,"Odeilah or Upper Klamath, Ikaruck, Kosetah, and Idakariwakaha or Shasta Valley Indians, Watsahewa and Eeh or Scotts Valley Indians",https://archive.org/stream/annualreportofbu218smit#page/788/mode/2up, ,1851,1917.113491290000000
236,236,821,-3723408000000.000000000000000,"San Luis Rey, Kahwea, and Cocomcahra",https://archive.org/stream/annualreportofbu218smit#page/788/mode/2up, ,1852,2477.942986120000100
237,237,822,-3723235200000.000000000000000,Diegueño or Kumeyaay,https://archive.org/stream/annualreportofbu218smit#page/788/mode/2up, ,1852,2165.695597330000100
238,238,823,1262304000000.000000000000000,Oneida Indian Reservation, , ,2010,208.149043682000010
239,239,824,1262304000000.000000000000000,Onondaga Indian Reservation, , ,2010,21.527977151300000
240,240,825,1262304000000.000000000000000,Ontonagon Indian Reservation, , ,2010,7.927173052400000
241,241,826,1262304000000.000000000000000,Osage Indian Reservation, , ,2010,3527.975140080000100
242,242,827,1262304000000.000000000000000,Ozette Indian Reservation, , ,2010,2.685466467900000
243,243,828,1262304000000.000000000000000,Paiute Indian Reservation, , ,2010,80.672664915699997
244,244,829,1262304000000.000000000000000,Pala Indian Reservation, , ,2010,22.672529914199998
245,245,830,1262304000000.000000000000000,Passamaquoddy Indian Reservation, , ,2010,89.171552042399995
246,246,831,1262304000000.000000000000000,Pechanga Indian Reservation, , ,2010,9.380029551000000
247,247,832,1262304000000.000000000000000,Penobscot Indian Reservation, , ,2010,6.606791540600000
248,248,833,1262304000000.000000000000000,Picuris Indian Reservation, , ,2010,40.778880149700001
249,249,834,1262304000000.000000000000000,Pine Ridge Indian Reservation, , ,2010,5582.692350370000000
250,250,835,1262304000000.000000000000000,Pojoaque Indian Reservation, , ,2010,32.342428845500002
251,251,836,1262304000000.000000000000000,Port Gamble Indian Reservation, , ,2010,3.238731899500000
252,252,837,1262304000000.000000000000000,Port Madison Indian Reservation, , ,2010,25.159573817300000
253,253,838,1262304000000.000000000000000,Potawatomi Indian Reservation, , ,2010,262.470518813000010
254,254,839,1262304000000.000000000000000,Prairie Island Indian Reservation, , ,2010,2.015427664900000
255,255,840,1262304000000.000000000000000,Puyallup Indian Reservation, , ,2010,61.533411987400001
256,256,841,1262304000000.000000000000000,Pyramid Lake Indian Reservation, , ,2010,1235.987069759999900
257,257,842,1262304000000.000000000000000,Quileute Indian Reservation, , ,2010,2.830603313900000
258,258,843,1262304000000.000000000000000,Quinault Indian Reservation, , ,2010,669.928295092999970
259,259,844,1262304000000.000000000000000,Ramah Navajo Indian Reservation, , ,2010,797.577771356999960
260,260,845,1262304000000.000000000000000,Ramona Indian Reservation, , ,2010,3.056516083700000
261,261,846,1262304000000.000000000000000,Red Cliff Indian Reservation, , ,2010,43.680165290900000
262,262,847,1262304000000.000000000000000,Red Lake Indian Reservation, , ,2010,2738.535390850000100
263,263,848,1262304000000.000000000000000,Reno-Sparks Indian Reservation, , ,2010,5.262344706500000
264,264,849,1262304000000.000000000000000,Rincon Indian Reservation, , ,2010,8.716496229500001
265,265,850,1262304000000.000000000000000,Roaring Creek Rancheria, , ,2010,3.018913736800000
266,266,851,1262304000000.000000000000000,Rocky Boys Indian Reservation, , ,2010,401.065027810999990
267,267,852,1262304000000.000000000000000,Rosebud Indian Reservation, , ,2010,2625.645293690000000
268,268,853,1262304000000.000000000000000,Round Valley Indian Reservation, , ,2010,159.941447960999990
269,269,854,1262304000000.000000000000000,Sac and Fox Indian Reservation, , ,2010,8.154881676100001
270,270,855,1262304000000.000000000000000,Sac And Fox Indian Reservation, , ,2010,36.777982627800000
271,271,856,1262304000000.000000000000000,Saint Croix Indian Reservation, , ,2010,8.734045412900001
272,272,857,1262304000000.000000000000000,Saint Regis Indian Reservation, , ,2010,37.708933079700003
273,273,858,1262304000000.000000000000000,Salt River Indian Reservation, , ,2010,99.209135967500004
274,274,859,1262304000000.000000000000000,San Carlos Indian Reservation, , ,2010,4190.825272209999600
275,275,860,1262304000000.000000000000000,San Felipe Indian Reservation, , ,2010,117.748080816000000
276,276,861,1262304000000.000000000000000,San Ildefonso Indian Reservation, , ,2010,69.251567885499995
277,277,862,1262304000000.000000000000000,San Juan Indian Reservation, , ,2010,45.175179294800003
278,278,863,1262304000000.000000000000000,San Pasqual Indian Reservation, , ,2010,2.974378908500000
279,279,864,1262304000000.000000000000000,San Xavier Indian Reservation, , ,2010,158.108784574000000
280,280,865,1262304000000.000000000000000,Sandia Indian Reservation, , ,2010,57.782838723200001
281,281,866,1262304000000.000000000000000,Santa Ana Indian Reservation, , ,2010,147.374632999000000
282,282,867,1262304000000.000000000000000,Santa Clara Indian Reservation, , ,2010,116.261364645000000
283,283,868,1262304000000.000000000000000,Santa Rosa Indian Reservation, , ,2010,24.870379755100000
284,284,869,1262304000000.000000000000000,Santa Rosa Rancheria, , ,2010,1.677462903200000
285,285,870,1262304000000.000000000000000,Santa Ynez Indian Reservation, , ,2010,1.025058809200000
286,286,871,1262304000000.000000000000000,Santa Ysabel Indian Reservation, , ,2010,27.083638483100000
287,287,872,1262304000000.000000000000000,Santee Sioux Indian Reservation, , ,2010,318.971724439000010
288,288,873,1262304000000.000000000000000,Santo Domingo Indian Reservation, , ,2010,164.275328304000000
289,289,874,1262304000000.000000000000000,Shakopee Indian Reservation, , ,2010,2.085275493200000
290,290,875,1262304000000.000000000000000,Siletz Indian Reservation, , ,2010,9.737038084800000
291,291,876,1262304000000.000000000000000,Skokomish Indian Reservation, , ,2010,17.066314036600001
292,292,877,1262304000000.000000000000000,Skull Valley Indian Reservation, , ,2010,52.651037509799998
293,293,878,1262304000000.000000000000000,Soboba Indian Reservation, , ,2010,11.798184234100001
294,294,879,1262304000000.000000000000000,Sokaogon Chippewa Indian Reservation, , ,2010,15.087870123100000
295,295,880,1262304000000.000000000000000,Southern Ute Indian Reservation, , ,2010,1475.931190400000100
296,296,881,1262304000000.000000000000000,Spirit Lake Indian Reservation, , ,2010,903.859478138999980
297,297,882,1262304000000.000000000000000,Spokane Indian Reservation, , ,2010,517.855074487000020
298,298,883,1262304000000.000000000000000,Squaxin Island Indian Reservation, , ,2010,5.127629504400000
299,299,884,1262304000000.000000000000000,Standing Rock Indian Reservation, , ,2010,7146.537237440000400
300,300,885,1262304000000.000000000000000,Stockbridge Indian Reservation, , ,2010,66.156585541799998
301,301,886,1262304000000.000000000000000,Summit Lake Indian Reservation, , ,2010,34.794246068600003
302,302,887,1262304000000.000000000000000,Susanville Rancheria, , ,2010,1.763025464400000
303,303,888,1262304000000.000000000000000,Swinomish Indian Reservation, , ,2010,24.570560023399999
304,304,889,1262304000000.000000000000000,Taos Indian Reservation, , ,2010,233.433593175999990
305,305,890,1262304000000.000000000000000,Te-Moak Indian Reservation, , ,2010,42.089278087899999
306,306,891,1262304000000.000000000000000,Tesuque Indian Reservation, , ,2010,40.141416884800002
307,307,892,1262304000000.000000000000000,Tohono O'odham Indian Reservation, , ,2010,6096.264901210000100
308,308,893,1262304000000.000000000000000,Tonawanda Indian Reservation, , ,2010,24.632134670799999
309,309,894,1262304000000.000000000000000,Torres-Martinez Indian Reservation, , ,2010,71.326709846000000
310,310,895,1262304000000.000000000000000,Tulalip Indian Reservation, , ,2010,78.980853075699997
311,311,896,1262304000000.000000000000000,Tule River Indian Reservation, , ,2010,128.325001542000000
312,312,897,1262304000000.000000000000000,Turtle Mountain Indian Reservation, , ,2010,164.658258413999990
313,313,898,1262304000000.000000000000000,Tuscarora Indian Reservation, , ,2010,18.270074370100001
314,314,899,1262304000000.000000000000000,Uintah and Ouray Indian Reservation, , ,2010,2781.709904410000000
315,315,900,1262304000000.000000000000000,Umatilla Indian Reservation, , ,2010,506.361370664999980
316,316,901,1262304000000.000000000000000,Upper Sioux Indian Reservation, , ,2010,4.317952255400000
317,317,902,1262304000000.000000000000000,Ute Mountain Indian Reservation, , ,2010,1398.405700699999900
318,318,903,1262304000000.000000000000000,Vermillion Lake Indian Reservation, , ,2010,5.899721964800000
319,319,904,1262304000000.000000000000000,Viejas Indian Reservation, , ,2010,3.789679798600000
320,320,905,1262304000000.000000000000000,Walker River Indian Reservation, , ,2010,850.983398083000000
321,321,906,1262304000000.000000000000000,Warm Springs Indian Reservation, , ,2010,2008.199521320000000
322,322,907,1262304000000.000000000000000,White Earth Indian Reservation, , ,2010,2839.935884699999900
323,323,908,1262304000000.000000000000000,Wind River Indian Reservation, , ,2010,5819.865799709999900
324,324,909,1262304000000.000000000000000,Winnebago Indian Reservation, , ,2010,330.991810639999980
325,325,910,1262304000000.000000000000000,X. L. Rancheria, , ,2010,28.308802829000001
326,326,911,1262304000000.000000000000000,Yakama Indian Reservation, , ,2010,4451.974690629999700
327,327,912,1262304000000.000000000000000,Yankton Indian Reservation, , ,2010,1234.987329860000000
328,328,913,1262304000000.000000000000000,Yavapai Indian Reservation, , ,2010,1.529775807700000
329,329,914,1262304000000.000000000000000,Yerington Indian Reservation, , ,2010,3.912749255800000
330,330,915,1262304000000.000000000000000,Yomba Indian Reservation, , ,2010,12.205493069499999
331,331,916,1262304000000.000000000000000,Yurok Indian Reservation, , ,2010,149.656091550000010
332,332,917,1262304000000.000000000000000,Zia Indian Reservation, , ,2010,287.497700006000000
333,333,918,1262304000000.000000000000000,Zuni Indian Reservation, , ,2010,839.096974435999980
334,334,919,-3081542400000.000000000000000,Kaw,https://archive.org/stream/annualreportofbu218smit#page/822/mode/2up,http://digital.library.okstate.edu/Kappler/Vol2/treaties/kan0800.htm,1872,199.347955563000000
335,335,920,-2577225600000.000000000000000,"Blackfoot, Salish and Kootenai (Flathead), and Nez Perce", ,http://digital.library.okstate.edu/Kappler/Vol1/HTML_files/SES0261.html#p261A,1888,76884.466840199995000
336,336,921,-3067372800000.000000000000000,Wichita and affiliated tribes,https://archive.org/stream/annualreportofbu218smit#page/860/mode/2up, ,1872,1707.457162510000000
337,337,922,-3069360000000.000000000000000,Shoshone,https://archive.org/stream/annualreportofbu218smit#page/858/mode/2up, ,1872,6877.100336229999800
338,338,923,-5503939200000.000000000000000,"Wyandotte, Delaware, Shawnee, Ottawa, Chippewa, Potawatomi,Miami, Eel River, Wea, Kickapoo, Piankishaw, and Kaskaskia",https://archive.org/stream/annualreportofbu218smit#page/656/mode/2up,http://digital.library.okstate.edu/Kappler/Vol2/treaties/wya0039.htm,1795,91.269673990100003
339,339,924,-5503939200000.000000000000000,"Wyandotte, Delaware, Shawnee, Ottawa, Chippewa, Potawatomi,Miami, Eel River, Wea, Kickapoo, Piankishaw, and Kaskaskia",https://archive.org/stream/annualreportofbu218smit#page/656/mode/2up,http://digital.library.okstate.edu/Kappler/Vol2/treaties/wya0039.htm,1795,0.835120069800000
340,340,925,-5211993600000.000000000000000,Sac and Fox,https://archive.org/stream/annualreportofbu218smit#page/666/mode/2up,http://digital.library.okstate.edu/Kappler/Vol2/treaties/sau0074.htm,1804,19.087186131799999
341,341,926,-3650054400000.000000000000000,"Kaskaskia, Peoria, Piankishaw, and Wea",https://archive.org/stream/annualreportofbu218smit#page/794/mode/2up,http://digital.library.okstate.edu/Kappler/Vol2/treaties/kas0636.htm,1854,187.614215225000010
342,342,927,-3610828800000.000000000000000,Ottawa and Chippewa,https://archive.org/stream/annualreportofbu218smit#page/810/mode/2up,http://digital.library.okstate.edu/Kappler/Vol2/treaties/ott0725.htm,1855,254.647761344999990
343,343,928,-3055708800000.000000000000000,Muscogee and Seminole,https://archive.org/stream/annualreportofbu218smit#page/862/mode/2up, ,1873,211.621871303000010
344,344,929,-2923603200000.000000000000000,Northwestern Shoshone,https://archive.org/stream/annualreportofbu218smit#page/890/mode/2up, ,1877,15.904255728900001
345,345,930,-2870380800000.000000000000000,Northwestern Shoshone,https://archive.org/stream/annualreportofbu218smit#page/890/mode/2up, ,1879,15.904255728900001
346,346,931,-2550873600000.000000000000000,Crow Creek Sioux,https://archive.org/stream/annualreportofbu218smit#page/934/mode/2up, ,1889,984.460726840000010
347,347,932,-2888697600000.000000000000000,Ute,https://archive.org/stream/annualreportofbu218smit#page/830/mode/2up, ,1864,30.841808584999999
348,348,933,-2888697600000.000000000000000,Ute,https://archive.org/stream/annualreportofbu218smit#page/830/mode/2up, ,1864,220.496015516000000
349,349,934,-2888697600000.000000000000000,Ute,https://archive.org/stream/annualreportofbu218smit#page/830/mode/2up, ,1864,264.039181201000020
350,350,935,-2888697600000.000000000000000,Ute,https://archive.org/stream/annualreportofbu218smit#page/830/mode/2up, ,1864,83.987272556199997
351,351,936,-5526835200000.000000000000000,Six Nations,https://archive.org/stream/annualreportofbu218smit#page/652/mode/2up,http://digital.library.okstate.edu/Kappler/Vol2/treaties/six0034.htm,1794,227.824000936999990
352,352,937,-5526835200000.000000000000000,Six Nations,https://archive.org/stream/annualreportofbu218smit#page/652/mode/2up,http://digital.library.okstate.edu/Kappler/Vol2/treaties/six0034.htm,1794,252.793045565000000
353,353,938,-5477846400000.000000000000000,Seven Nations of Canada,https://archive.org/stream/annualreportofbu218smit#page/656/mode/2up,http://digital.library.okstate.edu/Kappler/Vol2/treaties/sev0045.htm,1796,60.258559956799999
354,354,939,-5437065600000.000000000000000,Seneca,https://archive.org/stream/annualreportofbu218smit#page/658/mode/2up,http://digital.library.okstate.edu/Kappler/Vol2/treaties/sen1027.htm,1797,6.430879437800000
355,355,940,-5437065600000.000000000000000,Seneca,https://archive.org/stream/annualreportofbu218smit#page/658/mode/2up,http://digital.library.okstate.edu/Kappler/Vol2/treaties/sen1027.htm,1797,5.250663534000000
356,356,941,-5437065600000.000000000000000,Seneca,https://archive.org/stream/annualreportofbu218smit#page/658/mode/2up,http://digital.library.okstate.edu/Kappler/Vol2/treaties/sen1027.htm,1797,4.727812041500000
357,357,942,-5437065600000.000000000000000,Seneca,https://archive.org/stream/annualreportofbu218smit#page/658/mode/2up,http://digital.library.okstate.edu/Kappler/Vol2/treaties/sen1027.htm,1797,4.594811094300000
358,358,943,-5437065600000.000000000000000,Seneca,https://archive.org/stream/annualreportofbu218smit#page/658/mode/2up,http://digital.library.okstate.edu/Kappler/Vol2/treaties/sen1027.htm,1797,60.721406682999998
359,359,944,-5437065600000.000000000000000,Seneca,https://archive.org/stream/annualreportofbu218smit#page/658/mode/2up,http://digital.library.okstate.edu/Kappler/Vol2/treaties/sen1027.htm,1797,36.367390126600000
360,360,945,-5437065600000.000000000000000,Seneca,https://archive.org/stream/annualreportofbu218smit#page/658/mode/2up,http://digital.library.okstate.edu/Kappler/Vol2/treaties/sen1027.htm,1797,25.347317150599999
361,361,946,-5437065600000.000000000000000,Seneca,https://archive.org/stream/annualreportofbu218smit#page/658/mode/2up,http://digital.library.okstate.edu/Kappler/Vol2/treaties/sen1027.htm,1797,7.815446337500000
362,362,947,-5437065600000.000000000000000,Seneca,https://archive.org/stream/annualreportofbu218smit#page/660/mode/2up,http://digital.library.okstate.edu/Kappler/Vol2/treaties/sen1027.htm,1797,163.156116438000000
363,363,948,-5437065600000.000000000000000,Seneca,https://archive.org/stream/annualreportofbu218smit#page/660/mode/2up,http://digital.library.okstate.edu/Kappler/Vol2/treaties/sen1027.htm,1797,280.161932544000020
364,364,949,-5437065600000.000000000000000,Seneca,https://archive.org/stream/annualreportofbu218smit#page/660/mode/2up,http://digital.library.okstate.edu/Kappler/Vol2/treaties/sen1027.htm,1797,178.069450625000000
365,365,950,-5437065600000.000000000000000,Seneca,https://archive.org/stream/annualreportofbu218smit#page/660/mode/2up,http://digital.library.okstate.edu/Kappler/Vol2/treaties/sen1027.htm,1797,9.513050896099999
366,366,951,-5179334400000.000000000000000,Choctaw,https://archive.org/stream/annualreportofbu218smit#page/672/mode/2up,http://digital.library.okstate.edu/Kappler/Vol2/treaties/cho0087.htm,1805,15.301099625599999
367,367,952,-4837104000000.000000000000000,Chickasaw,https://archive.org/stream/annualreportofbu218smit#page/682/mode/2up,http://digital.library.okstate.edu/Kappler/Vol2/treaties/chi0135.htm,1816,67.092450892800002
368,368,953,-4616438400000.000000000000000,Seminoles,https://archive.org/stream/annualreportofbu218smit#page/706/mode/2up,http://digital.library.okstate.edu/Kappler/Vol2/treaties/sem0203.htm,1823,7.353685133500000
369,369,954,-4588704000000.000000000000000,Sac and Fox,https://archive.org/stream/annualreportofbu218smit#page/706/mode/2up,http://digital.library.okstate.edu/Kappler/Vol2/treaties/sau0207.htm,1824,324.153799928000010
370,370,955,-4401129600000.000000000000000,"Sac and Fox, Mdewakanton Sioux, Wahpekuta, Sisseton-Wahpeton Oyate, Omaha, Iowa, Otoe-Missouria",https://archive.org/stream/annualreportofbu218smit#page/726/mode/2up,http://digital.library.okstate.edu/Kappler/Vol2/treaties/sau0305.htm,1830,79.187578626900006
371,371,956,-4401129600000.000000000000000,"Sac and Fox, Mdewakanton Sioux, Wahpekuta, Sisseton-Wahpeton Oyate, Omaha, Iowa, Otoe-Missouria",https://archive.org/stream/annualreportofbu218smit#page/726/mode/2up,http://digital.library.okstate.edu/Kappler/Vol2/treaties/sau0305.htm,1830,286.689858739999980
372,372,957,-4394736000000.000000000000000,Choctaw,https://archive.org/stream/annualreportofbu218smit#page/726/mode/2up,http://digital.library.okstate.edu/Kappler/Vol2/treaties/cho0310.htm,1830,6.840447113900000
373,373,958,-4383158400000.000000000000000,Menominee,https://archive.org/stream/annualreportofbu218smit#page/728/mode/2up,http://digital.library.okstate.edu/Kappler/Vol2/treaties/men0319.htm,1831,1563.201759119999900
374,374,959,-4383158400000.000000000000000,Menominee,https://archive.org/stream/annualreportofbu218smit#page/728/mode/2up,http://digital.library.okstate.edu/Kappler/Vol2/treaties/men0319.htm,1831,22.860635209000002
375,375,960,-4383158400000.000000000000000,Menominee,https://archive.org/stream/annualreportofbu218smit#page/730/mode/2up,http://digital.library.okstate.edu/Kappler/Vol2/treaties/men0319.htm,1831,152.025629614000000
376,376,961,-4383158400000.000000000000000,Menominee,https://archive.org/stream/annualreportofbu218smit#page/730/mode/2up,http://digital.library.okstate.edu/Kappler/Vol2/treaties/men0319.htm,1831,63.858036344100000
377,377,962,-4164307200000.000000000000000,Oneida,https://archive.org/stream/annualreportofbu218smit#page/768/mode/2up,http://digital.library.okstate.edu/Kappler/Vol2/treaties/one0517.htm,1838,177.300538173000010
378,378,963,-4164307200000.000000000000000,Iroquois,https://archive.org/stream/annualreportofbu218smit#page/770/mode/2up,http://digital.library.okstate.edu/Kappler/Vol2/treaties/new0502.htm,1838,3323.465352220000100
379,379,964,-4164307200000.000000000000000,Iroquois,https://archive.org/stream/annualreportofbu218smit#page/770/mode/2up,http://digital.library.okstate.edu/Kappler/Vol2/treaties/new0502.htm,1838,63.200117322300002
380,380,965,-4138819200000.000000000000000,Miami,https://archive.org/stream/annualreportofbu218smit#page/774/mode/2up,http://digital.library.okstate.edu/Kappler/Vol2/treaties/mia0519.htm,1838,19.025280014000000
381,381,966,-3977769600000.000000000000000,Delaware and Wyandotte,https://archive.org/stream/annualreportofbu218smit#page/778/mode/2up,http://digital.library.okstate.edu/Kappler/Vol2/treaties/del1048.htm,1843,76.550175972999995
382,382,967,-3732912000000.000000000000000,Assiniboine,https://archive.org/stream/annualreportofbu218smit#page/786/mode/2up,http://digital.library.okstate.edu/Kappler/Vol2/treaties/sio0594.htm,1851,22162.336650900001000
383,383,968,-3671136000000.000000000000000,"Tejon, Castake, San Imirio",https://archive.org/stream/annualreportofbu218smit#page/788/mode/2up, ,1853,189.661492227999990
384,384,969,-3649276800000.000000000000000,Menominee,https://archive.org/stream/annualreportofbu218smit#page/792/mode/2up,http://digital.library.okstate.edu/Kappler/Vol2/treaties/men0626.htm,1854,667.404747035000010
385,385,970,-3650054400000.000000000000000,"Kaskaskia, Peoria, Piankishaw, and Wea",https://archive.org/stream/annualreportofbu218smit#page/794/mode/2up,http://digital.library.okstate.edu/Kappler/Vol2/treaties/kas0636.htm,1854,28.498436543800000
386,386,971,-3647203200000.000000000000000,Miami,https://archive.org/stream/annualreportofbu218smit#page/794/mode/2up,http://digital.library.okstate.edu/Kappler/Vol2/treaties/mia0641.htm,1854,153.719937939999990
387,387,972,-3639600000000.000000000000000,"Nome Lackee, Nome Cult, Nirmuck",https://archive.org/stream/annualreportofbu218smit#page/794/mode/2up, ,1854,94.836963682700002
388,388,973,-3637094400000.000000000000000,Chippewa of Lake Superior and the Mississippi,https://archive.org/stream/annualreportofbu218smit#page/794/mode/2up,http://digital.library.okstate.edu/Kappler/Vol2/treaties/chi0648.htm,1854,207.439260096000000
389,389,974,-3637094400000.000000000000000,Chippewa of Lake Superior and the Mississippi,https://archive.org/stream/annualreportofbu218smit#page/794/mode/2up,http://digital.library.okstate.edu/Kappler/Vol2/treaties/chi0648.htm,1854,391.674780967000000
390,390,975,-3637094400000.000000000000000,Chippewa of Lake Superior and the Mississippi,https://archive.org/stream/annualreportofbu218smit#page/794/mode/2up,http://digital.library.okstate.edu/Kappler/Vol2/treaties/chi0648.htm,1854,6.114694181000000
391,391,976,-3637094400000.000000000000000,Chippewa of Lake Superior and the Mississippi,https://archive.org/stream/annualreportofbu218smit#page/794/mode/2up,http://digital.library.okstate.edu/Kappler/Vol2/treaties/chi0648.htm,1854,297.561765014000000
392,392,977,-3637094400000.000000000000000,Chippewa of Lake Superior and the Mississippi,https://archive.org/stream/annualreportofbu218smit#page/796/mode/2up,http://digital.library.okstate.edu/Kappler/Vol2/treaties/chi0648.htm,1854,299.978621858999990
393,393,978,-3637094400000.000000000000000,Chippewa of Lake Superior and the Mississippi,https://archive.org/stream/annualreportofbu218smit#page/796/mode/2up,http://digital.library.okstate.edu/Kappler/Vol2/treaties/chi0648.htm,1854,394.189304656999980
394,394,979,-3637094400000.000000000000000,Chippewa of Lake Superior and the Mississippi,https://archive.org/stream/annualreportofbu218smit#page/796/mode/2up,http://digital.library.okstate.edu/Kappler/Vol2/treaties/chi0648.htm,1854,143.256722359000010
395,395,980,-3637094400000.000000000000000,Chippewa of Lake Superior and the Mississippi,https://archive.org/stream/annualreportofbu218smit#page/796/mode/2up,http://digital.library.okstate.edu/Kappler/Vol2/treaties/chi0648.htm,1854,16.826186925100000
396,396,981,-3637094400000.000000000000000,Chippewa of Lake Superior and the Mississippi,https://archive.org/stream/annualreportofbu218smit#page/796/mode/2up,http://digital.library.okstate.edu/Kappler/Vol2/treaties/chi0648.htm,1854,19.564692012300000
397,397,982,-3637094400000.000000000000000,Chippewa of Lake Superior and the Mississippi,https://archive.org/stream/annualreportofbu218smit#page/796/mode/2up,http://digital.library.okstate.edu/Kappler/Vol2/treaties/chi0648.htm,1854,35.389707210099999
398,398,983,-3629577600000.000000000000000,"Nisqually, Puyallup, Steilacoom, Squaxin, S'Homamish, Stehchass, T'Peeksin, Squiaitl, and Sahehwamish",https://archive.org/stream/annualreportofbu218smit#page/798/mode/2up,http://digital.library.okstate.edu/Kappler/Vol2/treaties/nis0661.htm,1854,5.127629352700000
399,399,984,-3627244800000.000000000000000,"Duwamish, Suquamish",https://archive.org/stream/annualreportofbu218smit#page/800/mode/2up,http://digital.library.okstate.edu/Kappler/Vol2/treaties/dwa0669.htm,1855,11.155024144500000
400,400,985,-3627244800000.000000000000000,"Duwamish, Suquamish",https://archive.org/stream/annualreportofbu218smit#page/800/mode/2up,http://digital.library.okstate.edu/Kappler/Vol2/treaties/dwa0669.htm,1855,24.570564885500001
401,401,986,-3627244800000.000000000000000,"Duwamish, Suquamish",https://archive.org/stream/annualreportofbu218smit#page/800/mode/2up,http://digital.library.okstate.edu/Kappler/Vol2/treaties/dwa0669.htm,1855,34.734482805200003
402,402,987,-3627244800000.000000000000000,"Duwamish, Suquamish",https://archive.org/stream/annualreportofbu218smit#page/800/mode/2up,http://digital.library.okstate.edu/Kappler/Vol2/treaties/dwa0669.htm,1855,79.644992525299998
403,403,988,-3626899200000.000000000000000,Klallam,https://archive.org/stream/annualreportofbu218smit#page/800/mode/2up,http://digital.library.okstate.edu/Kappler/Vol2/treaties/skl0674.htm,1855,12.765392905000001
404,404,989,-3626467200000.000000000000000,Makah,https://archive.org/stream/annualreportofbu218smit#page/800/mode/2up,http://digital.library.okstate.edu/Kappler/Vol2/treaties/mak0682.htm,1855,49.300805008300003
405,405,990,-3624566400000.000000000000000,Chippewa of the Mississippi,https://archive.org/stream/annualreportofbu218smit#page/802/mode/2up,http://digital.library.okstate.edu/Kappler/Vol2/treaties/chi0685.htm,1855,356.008254104000000
406,406,991,-3624566400000.000000000000000,Chippewa of the Mississippi,https://archive.org/stream/annualreportofbu218smit#page/804/mode/2up,http://digital.library.okstate.edu/Kappler/Vol2/treaties/chi0685.htm,1855,211.796214765000000
407,407,992,-3624566400000.000000000000000,Chippewa of the Mississippi,https://archive.org/stream/annualreportofbu218smit#page/804/mode/2up,http://digital.library.okstate.edu/Kappler/Vol2/treaties/chi0685.htm,1855,36.350841784099998
408,408,993,-3615321600000.000000000000000,"Walla Walla, Cayuse, and Umatilla",https://archive.org/stream/annualreportofbu218smit#page/804/mode/2up,http://digital.library.okstate.edu/Kappler/Vol2/treaties/wal0694.htm,1855,996.306263025000020
409,409,994,-3615321600000.000000000000000,Yakama,https://archive.org/stream/annualreportofbu218smit#page/806/mode/2up,http://digital.library.okstate.edu/Kappler/Vol2/treaties/yak0698.htm,1855,2906.575611440000100
410,410,995,-3614198400000.000000000000000,Choctaw and Chickasaw,https://archive.org/stream/annualreportofbu218smit#page/808/mode/2up,http://digital.library.okstate.edu/Kappler/Vol2/treaties/cho0706.htm,1855,10901.020339100000000
411,411,996,-3614198400000.000000000000000,Choctaw and Chickasaw,https://archive.org/stream/annualreportofbu218smit#page/808/mode/2up,http://digital.library.okstate.edu/Kappler/Vol2/treaties/cho0706.htm,1855,16086.005078700000000
412,412,997,-3613939200000.000000000000000,Confederated Tribes of Middle Oregon,https://archive.org/stream/annualreportofbu218smit#page/808/mode/2up,http://digital.library.okstate.edu/Kappler/Vol2/treaties/tri0714.htm,1855,1959.784586369999900
413,413,998,-3613420800000.000000000000000,Quinault and Quileute,https://archive.org/stream/annualreportofbu218smit#page/808/mode/2up,http://digital.library.okstate.edu/Kappler/Vol2/treaties/qui0719.htm,1855,181.102769051000000
414,414,999,-3612124800000.000000000000000,"Flathood, Kootenai, and Upper Pend d’Oreilles",https://archive.org/stream/annualreportofbu218smit#page/810/mode/2up,http://digital.library.okstate.edu/Kappler/Vol2/treaties/fla0722.htm,1855,4532.563245860000300
415,415,1000,-3610828800000.000000000000000,Ottawa and Chippewa,https://archive.org/stream/annualreportofbu218smit#page/810/mode/2up,http://digital.library.okstate.edu/Kappler/Vol2/treaties/ott0725.htm,1855,15.916360333500000
416,416,1001,-3610828800000.000000000000000,Ottawa and Chippewa,https://archive.org/stream/annualreportofbu218smit#page/810/mode/2up,http://digital.library.okstate.edu/Kappler/Vol2/treaties/ott0725.htm,1855,11.501074585400000
417,417,1002,-3610828800000.000000000000000,Ottawa and Chippewa,https://archive.org/stream/annualreportofbu218smit#page/810/mode/2up,http://digital.library.okstate.edu/Kappler/Vol2/treaties/ott0725.htm,1855,0.785443773700000
418,418,1003,-3610828800000.000000000000000,Ottawa and Chippewa,https://archive.org/stream/annualreportofbu218smit#page/810/mode/2up,http://digital.library.okstate.edu/Kappler/Vol2/treaties/ott0725.htm,1855,17.398048433000000
419,419,1004,-3610828800000.000000000000000,Ottawa and Chippewa,https://archive.org/stream/annualreportofbu218smit#page/810/mode/2up,http://digital.library.okstate.edu/Kappler/Vol2/treaties/ott0725.htm,1855,15.189670616800001
420,420,1005,-3610828800000.000000000000000,Ottawa and Chippewa,https://archive.org/stream/annualreportofbu218smit#page/810/mode/2up,http://digital.library.okstate.edu/Kappler/Vol2/treaties/ott0725.htm,1855,208.751596682000010
421,421,1006,-3610828800000.000000000000000,Ottawa and Chippewa,https://archive.org/stream/annualreportofbu218smit#page/810/mode/2up,http://digital.library.okstate.edu/Kappler/Vol2/treaties/ott0725.htm,1855,71.164731776599993
422,422,1007,-3610828800000.000000000000000,Ottawa and Chippewa,https://archive.org/stream/annualreportofbu218smit#page/810/mode/2up,http://digital.library.okstate.edu/Kappler/Vol2/treaties/ott0725.htm,1855,11.932167939399999
423,423,1008,-3610828800000.000000000000000,Ottawa and Chippewa,https://archive.org/stream/annualreportofbu218smit#page/810/mode/2up,http://digital.library.okstate.edu/Kappler/Vol2/treaties/ott0725.htm,1855,14.396979797700000
424,424,1009,-3610828800000.000000000000000,Ottawa and Chippewa,https://archive.org/stream/annualreportofbu218smit#page/810/mode/2up,http://digital.library.okstate.edu/Kappler/Vol2/treaties/ott0725.htm,1855,709.546873215000010
425,425,1010,-3610828800000.000000000000000,Ottawa and Chippewa,https://archive.org/stream/annualreportofbu218smit#page/810/mode/2up,http://digital.library.okstate.edu/Kappler/Vol2/treaties/ott0725.htm,1855,639.747283719000050
426,426,1011,-3610828800000.000000000000000,Ottawa and Chippewa,https://archive.org/stream/annualreportofbu218smit#page/810/mode/2up,http://digital.library.okstate.edu/Kappler/Vol2/treaties/ott0725.htm,1855,50.203967744700002
427,427,1012,-3610828800000.000000000000000,Ottawa and Chippewa,https://archive.org/stream/annualreportofbu218smit#page/810/mode/2up,http://digital.library.okstate.edu/Kappler/Vol2/treaties/ott0725.htm,1855,35.248897152600001
428,428,1013,-3610828800000.000000000000000,Ottawa and Chippewa,https://archive.org/stream/annualreportofbu218smit#page/810/mode/2up,http://digital.library.okstate.edu/Kappler/Vol2/treaties/ott0725.htm,1855,57.221434446300002
429,429,1014,-3610828800000.000000000000000,Ottawa and Chippewa,https://archive.org/stream/annualreportofbu218smit#page/810/mode/2up,http://digital.library.okstate.edu/Kappler/Vol2/treaties/ott0725.htm,1855,74.901336989000001
430,430,1015,-3610828800000.000000000000000,Ottawa and Chippewa,https://archive.org/stream/annualreportofbu218smit#page/810/mode/2up,http://digital.library.okstate.edu/Kappler/Vol2/treaties/ott0725.htm,1855,282.804813970000000
431,431,1016,-3610828800000.000000000000000,Ottawa and Chippewa,https://archive.org/stream/annualreportofbu218smit#page/810/mode/2up,http://digital.library.okstate.edu/Kappler/Vol2/treaties/ott0725.htm,1855,324.058358951999990
432,432,1017,-3610828800000.000000000000000,Ottawa and Chippewa,https://archive.org/stream/annualreportofbu218smit#page/810/mode/2up,http://digital.library.okstate.edu/Kappler/Vol2/treaties/ott0725.htm,1855,143.932243207999990
433,433,1018,-3610828800000.000000000000000,Ottawa and Chippewa,https://archive.org/stream/annualreportofbu218smit#page/810/mode/2up,http://digital.library.okstate.edu/Kappler/Vol2/treaties/ott0725.htm,1855,5.975516221000000
434,434,1019,-3610828800000.000000000000000,Ottawa and Chippewa,https://archive.org/stream/annualreportofbu218smit#page/810/mode/2up,http://digital.library.okstate.edu/Kappler/Vol2/treaties/ott0725.htm,1855,3.047835756000000
435,435,1020,-3610656000000.000000000000000,Chippewa of Sault Ste Marie,https://archive.org/stream/annualreportofbu218smit#page/812/mode/2up,http://digital.library.okstate.edu/Kappler/Vol2/treaties/sau0732.htm,1855,426.372657058000020
436,436,1021,-3604089600000.000000000000000,"Blackfoot, Salish and Kootenai (Flathead), and Nez Perce",https://archive.org/stream/annualreportofbu218smit#page/812/mode/2up,http://digital.library.okstate.edu/Kappler/Vol2/treaties/bla0736.htm,1855,38270.089007399998000
437,437,1022,-3604089600000.000000000000000,"Blackfoot, Salish and Kootenai (Flathead), and Nez Perce",https://archive.org/stream/annualreportofbu218smit#page/812/mode/2up,http://digital.library.okstate.edu/Kappler/Vol2/treaties/bla0736.htm,1855,38614.377832799997000
438,438,1023,-3601497600000.000000000000000,Klamath,https://archive.org/stream/annualreportofbu218smit#page/814/mode/2up, ,1855,270.261200583000000
439,439,1024,-3593980800000.000000000000000,Menominee,https://archive.org/stream/annualreportofbu218smit#page/816/mode/2up,http://digital.library.okstate.edu/Kappler/Vol2/treaties/men0755.htm,1856,156.062219828000000
440,440,1025,-3578601600000.000000000000000,Muscogee and Seminoles,https://archive.org/stream/annualreportofbu218smit#page/816/mode/2up,http://digital.library.okstate.edu/Kappler/Vol2/treaties/cre0756.htm,1856,4847.791972449999800
441,441,1026,-3564259200000.000000000000000,"Nisqually, Puyallup, Steilacoom, Squaxin, S'Homamish, Stehchass, T'Peeksin, Squiaitl, and Sahehwamish",https://archive.org/stream/annualreportofbu218smit#page/818/mode/2up, ,1857,61.533211837300001
442,442,1027,-3564259200000.000000000000000,"Nisqually, Puyallup, Steilacoom, Squaxin, S'Homamish, Stehchass, T'Peeksin, Squiaitl, and Sahehwamish",https://archive.org/stream/annualreportofbu218smit#page/818/mode/2up, ,1857,17.193490138500000
443,443,1028,-3550348800000.000000000000000,Confederate Bands of Willamette Valley,https://archive.org/stream/annualreportofbu218smit#page/818/mode/2up, ,1857,189.712585799000010
444,444,1029,-3525033600000.000000000000000,Yankton Sioux,https://archive.org/stream/annualreportofbu218smit#page/820/mode/2up,http://digital.library.okstate.edu/Kappler/Vol2/treaties/yan0776.htm,1858,1317.334590120000000
445,445,1030,-3497817600000.000000000000000,Pima and Maricopa,https://archive.org/stream/annualreportofbu218smit#page/820/mode/2up, ,1859,148.407486699000000
446,446,1031,-3485894400000.000000000000000,"Chippewa of Swan Creek and Black River, and Munsee Indians",https://archive.org/stream/annualreportofbu218smit#page/820/mode/2up,http://digital.library.okstate.edu/Kappler/Vol2/treaties/chi0792.htm,1859,4.281348845300000
447,447,1032,-3478896000000.000000000000000,Kaw,https://archive.org/stream/annualreportofbu218smit#page/822/mode/2up,http://digital.library.okstate.edu/Kappler/Vol2/treaties/kan0800.htm,1859,199.347955563000000
448,448,1033,-3478896000000.000000000000000,Western Shoshone,https://archive.org/stream/annualreportofbu218smit#page/822/mode/2up, ,1859,73.566528685400002
449,449,1034,-3475008000000.000000000000000,"Chowchilla, Phoneche, and Chukchansi",https://archive.org/stream/annualreportofbu218smit#page/822/mode/2up, ,1859,55.162553738800000
450,450,1035,-3459715200000.000000000000000,Gila Apache,https://archive.org/stream/annualreportofbu218smit#page/822/mode/2up, ,1860,344.656339926999980
451,451,1036,-3434140800000.000000000000000,"Sac and Fox of the Missouri, and Iowa",https://archive.org/stream/annualreportofbu218smit#page/824/mode/2up,http://digital.library.okstate.edu/Kappler/Vol2/treaties/sau0811.htm,1861,11.957450336799999
452,452,1037,-3434140800000.000000000000000,"Sac and Fox of the Missouri, and Iowa",https://archive.org/stream/annualreportofbu218smit#page/824/mode/2up,http://digital.library.okstate.edu/Kappler/Vol2/treaties/sau0811.htm,1861,30.876014861700000
453,453,1038,-3415910400000.000000000000000,Uintah Ute,https://archive.org/stream/annualreportofbu218smit#page/824/mode/2up, ,1861,6134.310599200000100
454,454,1039,-3412195200000.000000000000000,Potawatomi,https://archive.org/stream/annualreportofbu218smit#page/824/mode/2up,http://digital.library.okstate.edu/Kappler/Vol2/treaties/pot0824.htm,1861,188.629723006000010
455,455,1040,-3392755200000.000000000000000,Kickapoo,https://archive.org/stream/annualreportofbu218smit#page/826/mode/2up,http://digital.library.okstate.edu/Kappler/Vol2/treaties/kic0835.htm,1862,52.005385566100003
456,456,1041,-3362860800000.000000000000000,Nez Perce,https://archive.org/stream/annualreportofbu218smit#page/826/mode/2up,http://digital.library.okstate.edu/Kappler/Vol2/treaties/nez0843.htm,1863,2516.280692429999800
457,457,1042,-3360960000000.000000000000000,Sioux of the Mississippi,https://archive.org/stream/annualreportofbu218smit#page/828/mode/2up, ,1863,549.202683795999970
458,458,1043,-3352492800000.000000000000000,"Red Lake Chippewa, Pembina Chippewa",https://archive.org/stream/annualreportofbu218smit#page/828/mode/2up,http://digital.library.okstate.edu/Kappler/Vol2/treaties/uta0856.htm,1863,13189.168401100000000
459,459,1044,-3343852800000.000000000000000,Apache,https://archive.org/stream/annualreportofbu218smit#page/830/mode/2up, ,1864,3278.615582129999900
460,460,1045,-3328732800000.000000000000000,"Chehalis, Clatsop, and Chinook",https://archive.org/stream/annualreportofbu218smit#page/832/mode/2up, ,1864,13.318139307099999
461,461,1046,-3334867200000.000000000000000,Paiute,https://archive.org/stream/annualreportofbu218smit#page/832/mode/2up, ,1864,63.543661014500003
462,462,1047,-3324931200000.000000000000000,Hupa,https://archive.org/stream/annualreportofbu218smit#page/832/mode/2up, ,1864,246.707065481999990
463,463,1048,-3320265600000.000000000000000,"Klamath, Modok, Yahooskin band of Snake Indians",https://archive.org/stream/annualreportofbu218smit#page/834/mode/2up,http://digital.library.okstate.edu/Kappler/Vol2/treaties/kla0865.htm,1864,3279.840941649999900
464,464,1049,-3319660800000.000000000000000,Duwamish,https://archive.org/stream/annualreportofbu218smit#page/834/mode/2up, ,1864,25.191106127400001
465,465,1050,-3308169600000.000000000000000,Colorado River,https://archive.org/stream/annualreportofbu218smit#page/834/mode/2up, ,1865,169.554538537000010
466,466,1051,-3302467200000.000000000000000,Winnebago,https://archive.org/stream/annualreportofbu218smit#page/836/mode/2up,http://digital.library.okstate.edu/Kappler/Vol2/treaties/win0874.htm,1865,312.544060922000030
467,467,1052,-3302467200000.000000000000000,Winnebago,https://archive.org/stream/annualreportofbu218smit#page/836/mode/2up,http://digital.library.okstate.edu/Kappler/Vol2/treaties/win0874.htm,1865,46.115024945099997
468,468,1053,-3307564800000.000000000000000,Ponca,https://archive.org/stream/annualreportofbu218smit#page/836/mode/2up,http://digital.library.okstate.edu/Kappler/Vol2/treaties/pon0875.htm,1865,90.683358446599996
469,469,1054,-3275078400000.000000000000000,Seminole,https://archive.org/stream/annualreportofbu218smit#page/840/mode/2up,http://digital.library.okstate.edu/Kappler/Vol2/treaties/sem0910.htm,1866,636.549343903000020
470,470,1055,-3273609600000.000000000000000,Chippewa,https://archive.org/stream/annualreportofbu218smit#page/840/mode/2up,http://digital.library.okstate.edu/Kappler/Vol2/treaties/chi0916.htm,1866,375.076540254000010
471,471,1056,-3273609600000.000000000000000,Chippewa,https://archive.org/stream/annualreportofbu218smit#page/840/mode/2up,http://digital.library.okstate.edu/Kappler/Vol2/treaties/chi0916.htm,1866,79.388958082000002
472,472,1057,-3267734400000.000000000000000,Muscogee,https://archive.org/stream/annualreportofbu218smit#page/840/mode/2up,http://digital.library.okstate.edu/Kappler/Vol2/treaties/cre0931.htm,1866,7328.169259379999900
473,473,1058,-3264710400000.000000000000000,Cherokee,https://archive.org/stream/annualreportofbu218smit#page/840/mode/2up,http://digital.library.okstate.edu/Kappler/Vol2/treaties/che0942.htm,1866,20085.930213600001000
474,474,1059,-3264624000000.000000000000000,Cherokee,https://archive.org/stream/annualreportofbu218smit#page/840/mode/2up, ,1866,10870.389439700000000
475,475,1060,-3259094400000.000000000000000,Puyallup,https://archive.org/stream/annualreportofbu218smit#page/842/mode/2up, ,1866,5.899804762900000
476,476,1061,-3246220800000.000000000000000,Sac and Fox,https://archive.org/stream/annualreportofbu218smit#page/842/mode/2up,http://digital.library.okstate.edu/Kappler/Vol2/treaties/sau0951.htm,1867,211.041264224999990
477,477,1062,-3246220800000.000000000000000,Sac and Fox,https://archive.org/stream/annualreportofbu218smit#page/842/mode/2up,http://digital.library.okstate.edu/Kappler/Vol2/treaties/sau0951.htm,1867,1117.448891009999900
478,478,1063,-3246134400000.000000000000000,"Sisseton Sioux, Wahpeton Sioux",https://archive.org/stream/annualreportofbu218smit#page/842/mode/2up,http://digital.library.okstate.edu/Kappler/Vol2/treaties/sio0956.htm,1867,3310.443803730000100
479,479,1064,-3246134400000.000000000000000,"Sisseton Sioux, Wahpeton Sioux",https://archive.org/stream/annualreportofbu218smit#page/842/mode/2up,http://digital.library.okstate.edu/Kappler/Vol2/treaties/sio0956.htm,1867,825.929599331999950
480,480,1065,-3245788800000.000000000000000,"Seneca, Shawnee, Quapaw, Peoria, Kaskaskia, Piankishaw, Wea, Ottawa, Wyandotte",https://archive.org/stream/annualreportofbu218smit#page/842/mode/2up,http://digital.library.okstate.edu/Kappler/Vol2/treaties/sen0960.htm,1867,39.298783299000000
481,481,1066,-3245788800000.000000000000000,"Seneca, Shawnee, Quapaw, Peoria, Kaskaskia, Piankishaw, Wea, Ottawa, Wyandotte",https://archive.org/stream/annualreportofbu218smit#page/842/mode/2up,http://digital.library.okstate.edu/Kappler/Vol2/treaties/sen0960.htm,1867,128.776728838000000
482,482,1067,-3245788800000.000000000000000,"Seneca, Shawnee, Quapaw, Peoria, Kaskaskia, Piankishaw, Wea, Ottawa, Wyandotte",https://archive.org/stream/annualreportofbu218smit#page/842/mode/2up,http://digital.library.okstate.edu/Kappler/Vol2/treaties/sen0960.htm,1867,79.976435116199994
483,483,1068,-3245788800000.000000000000000,"Seneca, Shawnee, Quapaw, Peoria, Kaskaskia, Piankishaw, Wea, Ottawa, Wyandotte",https://archive.org/stream/annualreportofbu218smit#page/842/mode/2up,http://digital.library.okstate.edu/Kappler/Vol2/treaties/sen0960.htm,1867,29.342617935800000
484,484,1069,-3245788800000.000000000000000,"Seneca, Shawnee, Quapaw, Peoria, Kaskaskia, Piankishaw, Wea, Ottawa, Wyandotte",https://archive.org/stream/annualreportofbu218smit#page/844/mode/2up,http://digital.library.okstate.edu/Kappler/Vol2/treaties/sen0960.htm,1867,42.781212528899999
485,485,1070,-3245788800000.000000000000000,"Seneca, Shawnee, Quapaw, Peoria, Kaskaskia, Piankishaw, Wea, Ottawa, Wyandotte",https://archive.org/stream/annualreportofbu218smit#page/844/mode/2up,http://digital.library.okstate.edu/Kappler/Vol2/treaties/sen0960.htm,1867,41.328686900599998
486,486,1071,-3245788800000.000000000000000,"Seneca, Shawnee, Quapaw, Peoria, Kaskaskia, Piankishaw, Wea, Ottawa, Wyandotte",https://archive.org/stream/annualreportofbu218smit#page/844/mode/2up,http://digital.library.okstate.edu/Kappler/Vol2/treaties/sen0960.htm,1867,177.743372671999990
487,487,1072,-3245443200000.000000000000000,Potawatomi,https://archive.org/stream/annualreportofbu218smit#page/844/mode/2up,http://digital.library.okstate.edu/Kappler/Vol2/treaties/pot0970.htm,1867,1310.733487329999900
488,488,1073,-3243715200000.000000000000000,Chippewa,https://archive.org/stream/annualreportofbu218smit#page/844/mode/2up,http://digital.library.okstate.edu/Kappler/Vol2/treaties/chi0974.htm,1867,1839.508624310000000
489,489,1074,-3243715200000.000000000000000,Chippewa,https://archive.org/stream/annualreportofbu218smit#page/846/mode/2up,http://digital.library.okstate.edu/Kappler/Vol2/treaties/chi0974.htm,1867,2596.854296450000200
490,490,1075,-3225052800000.000000000000000,Kiowa and Comanche,https://archive.org/stream/annualreportofbu218smit#page/846/mode/2up,http://digital.library.okstate.edu/Kappler/Vol2/treaties/kio0977.htm,1867,6893.474274930000300
491,491,1076,-3222806400000.000000000000000,Santee Sioux,https://archive.org/stream/annualreportofbu218smit#page/846/mode/2up, ,1867,28.665063493000002
492,492,1077,-3205699200000.000000000000000,Navajo,https://archive.org/stream/annualreportofbu218smit#page/848/mode/2up,http://digital.library.okstate.edu/Kappler/Vol2/treaties/nav1015.htm,1868,8097.560223149999700
493,493,1078,-3169065600000.000000000000000,Bannock,https://archive.org/stream/annualreportofbu218smit#page/850/mode/2up, ,1869,3678.075655189999900
494,494,1079,-3168115200000.000000000000000,Cheyenne and Arapahoe,https://archive.org/stream/annualreportofbu218smit#page/852/mode/2up, ,1869,10241.874918600000000
495,495,1080,-3097180800000.000000000000000,Apache,https://archive.org/stream/annualreportofbu218smit#page/854/mode/2up, ,1871,981.575473625999960
496,496,1081,-3079123200000.000000000000000,Great and Little Osage,https://archive.org/stream/annualreportofbu218smit#page/856/mode/2up, ,1872,3634.310737960000100
497,497,1082,-3079123200000.000000000000000,Kaw,https://archive.org/stream/annualreportofbu218smit#page/856/mode/2up, ,1872,248.619824778000010
498,498,1083,-3076790400000.000000000000000,"Methow, Okanagan",https://archive.org/stream/annualreportofbu218smit#page/858/mode/2up, ,1872,10428.495436100000000
499,499,1084,-3061670400000.000000000000000,Apache,https://archive.org/stream/annualreportofbu218smit#page/860/mode/2up, ,1872,891.629761132000000
500,500,1085,-3055708800000.000000000000000,Chippewa,https://archive.org/stream/annualreportofbu218smit#page/862/mode/2up, ,1873,71.907728502400005
501,501,1086,-3046636800000.000000000000000,Nez Perce,https://archive.org/stream/annualreportofbu218smit#page/864/mode/2up, ,1873,4146.141324930000300
502,502,1087,-3037219200000.000000000000000,"Tule River, King's River, Owen's River",https://archive.org/stream/annualreportofbu218smit#page/864/mode/2up, ,1873,136.127549729000010
503,503,1088,-3035664000000.000000000000000,Makah,https://archive.org/stream/annualreportofbu218smit#page/866/mode/2up, ,1873,91.574495107299995
504,504,1089,-3034972800000.000000000000000,Chippewa,https://archive.org/stream/annualreportofbu218smit#page/866/mode/2up, ,1873,18.408614298200000
505,505,1090,-3034454400000.000000000000000,Chippewa,https://archive.org/stream/annualreportofbu218smit#page/866/mode/2up, ,1873,177.653129775999990
506,506,1091,-3034454400000.000000000000000,"Quinault, Quileute",https://archive.org/stream/annualreportofbu218smit#page/866/mode/2up, ,1873,671.138738035999950
507,507,1092,-3034108800000.000000000000000,Coeur d'Alene,https://archive.org/stream/annualreportofbu218smit#page/866/mode/2up, ,1873,1809.615678250000000
508,508,1093,-3032899200000.000000000000000,Colorado River Reservation,https://archive.org/stream/annualreportofbu218smit#page/868/mode/2up, ,1873,79.378042952200005
509,509,1094,-3032899200000.000000000000000,Duwamish,https://archive.org/stream/annualreportofbu218smit#page/868/mode/2up, ,1873,13.957087441700001
510,510,1095,-3029529600000.000000000000000,Santee Sioux,https://archive.org/stream/annualreportofbu218smit#page/868/mode/2up, ,1873,333.095681806000020
511,511,1096,-3026851200000.000000000000000,Crow,https://archive.org/stream/annualreportofbu218smit#page/870/mode/2up, ,1874,10656.639527699999000
512,512,1097,-3024691200000.000000000000000,Skokomish,https://archive.org/stream/annualreportofbu218smit#page/870/mode/2up, ,1874,19.349525905099998
513,513,1098,-3022790400000.000000000000000,Paiute,https://archive.org/stream/annualreportofbu218smit#page/872/mode/2up, ,1874,798.248563149000010
514,514,1099,-3022444800000.000000000000000,Paiute,https://archive.org/stream/annualreportofbu218smit#page/872/mode/2up, ,1874,1251.754884580000000
515,515,1100,-3022272000000.000000000000000,Jicarilla Apache,https://archive.org/stream/annualreportofbu218smit#page/872/mode/2up, ,1874,1606.516462650000000
516,516,1101,-3020976000000.000000000000000,Muckleshoot Reservation,https://archive.org/stream/annualreportofbu218smit#page/872/mode/2up, ,1874,9.510558370400000
517,517,1102,-3021321600000.000000000000000,"Gros Ventre, Piegan, Blood, Blackfoot, River Crow",https://archive.org/stream/annualreportofbu218smit#page/874/mode/2up, ,1874,70973.913686400003000
518,518,1103,-3016915200000.000000000000000,Chippewa,https://archive.org/stream/annualreportofbu218smit#page/874/mode/2up, ,1874,16.466908686000000
519,519,1104,-3016915200000.000000000000000,Chippewa,https://archive.org/stream/annualreportofbu218smit#page/874/mode/2up, ,1874,276.900220144999990
520,520,1105,-3014582400000.000000000000000,"L'Anse Chippewa, Vieux Desert Chippewa",https://archive.org/stream/annualreportofbu218smit#page/874/mode/2up, ,1874,66.530075691999997
521,521,1106,-3014582400000.000000000000000,Omaha,https://archive.org/stream/annualreportofbu218smit#page/876/mode/2up, ,1874,46.115024945099997
522,522,1107,-3013804800000.000000000000000,Tohono O’odham,https://archive.org/stream/annualreportofbu218smit#page/876/mode/2up, ,1874,156.540836931000000
523,523,1108,-2994278400000.000000000000000,"Shoshone, Bannock, and Sheepeater",https://archive.org/stream/annualreportofbu218smit#page/878/mode/2up, ,1875,380.715152649000000
524,524,1109,-2992636800000.000000000000000,Paiute,https://archive.org/stream/annualreportofbu218smit#page/878/mode/2up, ,1875,7.377091901000000
525,525,1110,-2992636800000.000000000000000,Alsea and Siletz reservation,https://archive.org/stream/annualreportofbu218smit#page/878/mode/2up, ,1875,714.412818089999970
526,526,1111,-2992636800000.000000000000000,Eastern Band of Cherokee,https://archive.org/stream/annualreportofbu218smit#page/878/mode/2up, ,1875,205.740289528000010
527,527,1112,-2991513600000.000000000000000,Sioux,https://archive.org/stream/annualreportofbu218smit#page/880/mode/2up, ,1875,2278.860016499999800
528,528,1113,-2986070400000.000000000000000,Round Valley,https://archive.org/stream/annualreportofbu218smit#page/880/mode/2up, ,1875,309.925700746000020
529,529,1114,-2969827200000.000000000000000,Ute,https://archive.org/stream/annualreportofbu218smit#page/882/mode/2up, ,1875,1408.573203940000000
530,530,1115,-2967321600000.000000000000000,Southern Apache,https://archive.org/stream/annualreportofbu218smit#page/882/mode/2up, ,1875,830.817129542999960
531,531,1116,-2957731200000.000000000000000,Pawnee,https://archive.org/stream/annualreportofbu218smit#page/884/mode/2up, ,1876,704.188474644000050
532,532,1117,-2954707200000.000000000000000,Colorado River,https://archive.org/stream/annualreportofbu218smit#page/886/mode/2up, ,1876,601.388568050999990
533,533,1118,-2948486400000.000000000000000,Round Valley,https://archive.org/stream/annualreportofbu218smit#page/886/mode/2up, ,1876,52.868742310800002
534,534,1119,-2945376000000.000000000000000,Pima and Maricopa,https://archive.org/stream/annualreportofbu218smit#page/888/mode/2up, ,1876,28.585655272800000
535,535,1120,-2943129600000.000000000000000,"Sioux, Northern Cheyenne, and Arapahoe",https://archive.org/stream/annualreportofbu218smit#page/888/mode/2up, ,1876,1241.342825200000100
536,536,1121,-2927059200000.000000000000000,Apache,https://archive.org/stream/annualreportofbu218smit#page/890/mode/2up, ,1877,6760.858130149999900
537,537,1122,-2925676800000.000000000000000,Western Shoshone,https://archive.org/stream/annualreportofbu218smit#page/890/mode/2up, ,1877,619.550462070999970
538,538,1123,-2890598400000.000000000000000,Nez Perce,https://archive.org/stream/annualreportofbu218smit#page/892/mode/2up, ,1878,228.977627767000000
539,539,1124,-2877206400000.000000000000000,Navajo,https://archive.org/stream/annualreportofbu218smit#page/892/mode/2up, ,1878,2141.514645069999900
540,540,1125,-2865110400000.000000000000000,Chippewa,https://archive.org/stream/annualreportofbu218smit#page/894/mode/2up, ,1879,410.323158143000000
541,541,1126,-2857507200000.000000000000000,Pima and Maricopa,https://archive.org/stream/annualreportofbu218smit#page/894/mode/2up, ,1879,139.233946900000010
542,542,1127,-2857507200000.000000000000000,Pima and Maricopa,https://archive.org/stream/annualreportofbu218smit#page/894/mode/2up, ,1879,163.262913660000010
543,543,1128,-2856384000000.000000000000000,Sioux,https://archive.org/stream/annualreportofbu218smit#page/896/mode/2up, ,1879,221.896369596000000
544,544,1129,-2839708800000.000000000000000,Navajo,https://archive.org/stream/annualreportofbu218smit#page/898/mode/2up, ,1880,3037.596121210000100
545,545,1130,-2834524800000.000000000000000,Ute,https://archive.org/stream/annualreportofbu218smit#page/898/mode/2up, ,1880,2681.425881109999900
546,546,1131,-2834524800000.000000000000000,Nez Perce,https://archive.org/stream/annualreportofbu218smit#page/898/mode/2up, ,1880,4086.445331389999900
547,547,1132,-2823379200000.000000000000000,"Arikara, Gros Ventre, and Mandan",https://archive.org/stream/annualreportofbu218smit#page/900/mode/2up, ,1880,10174.863815999999000
548,548,1133,-2823379200000.000000000000000,"Gros Ventre, Piegan, Blood, Blackfoot, and River Crow",https://archive.org/stream/annualreportofbu218smit#page/902/mode/2up, ,1880,4764.668145530000400
549,549,1134,-2817331200000.000000000000000,Jicarilla Apache,https://archive.org/stream/annualreportofbu218smit#page/902/mode/2up, ,1880,767.279925219000010
550,550,1135,-2807049600000.000000000000000,Spokane,https://archive.org/stream/annualreportofbu218smit#page/902/mode/2up, ,1881,630.976116639000000
551,551,1136,-2803248000000.000000000000000,Otoe-Missouria,https://archive.org/stream/annualreportofbu218smit#page/904/mode/2up, ,1881,318.562664107999980
552,552,1137,-2803248000000.000000000000000,Ponca,https://archive.org/stream/annualreportofbu218smit#page/904/mode/2up, ,1881,256.551657137000010
553,553,1138,-2778019200000.000000000000000,Chippewa,https://archive.org/stream/annualreportofbu218smit#page/904/mode/2up, ,1881,12.513434700500000
554,554,1139,-2776636800000.000000000000000,Uncompahgre Ute,https://archive.org/stream/annualreportofbu218smit#page/904/mode/2up, ,1882,4890.448123440000000
555,555,1140,-2774995200000.000000000000000,Sioux,https://archive.org/stream/annualreportofbu218smit#page/904/mode/2up, ,1882,109.827839779000000
556,556,1141,-2774995200000.000000000000000,Sioux,https://archive.org/stream/annualreportofbu218smit#page/904/mode/2up, ,1882,55631.706221000000000
557,557,1142,-2769292800000.000000000000000,Havasupai,https://archive.org/stream/annualreportofbu218smit#page/906/mode/2up, ,1882,15.879779314100000
558,558,1143,-2766268800000.000000000000000,Pima and Maricopa,https://archive.org/stream/annualreportofbu218smit#page/906/mode/2up, ,1882,63.075278084700003
559,559,1144,-2760566400000.000000000000000,Crow,https://archive.org/stream/annualreportofbu218smit#page/908/mode/2up, ,1882,16430.234076000001000
560,560,1145,-2747174400000.000000000000000,Tohono O’odham,https://archive.org/stream/annualreportofbu218smit#page/908/mode/2up, ,1882,56.147508112700002
561,561,1146,-2746828800000.000000000000000,Moqui Pueblo,https://archive.org/stream/annualreportofbu218smit#page/908/mode/2up, ,1882,6039.082598089999900
562,562,1147,-2745187200000.000000000000000,Hualapai Pueblo,https://archive.org/stream/annualreportofbu218smit#page/910/mode/2up, ,1883,2335.436531299999800
563,563,1148,-2738361600000.000000000000000,Mescalero Apache,https://archive.org/stream/annualreportofbu218smit#page/910/mode/2up, ,1883,1094.741438950000000
564,564,1149,-2735078400000.000000000000000,Zuni,https://archive.org/stream/annualreportofbu218smit#page/910/mode/2up, ,1883,614.432793919999990
565,565,1150,-2729376000000.000000000000000,Quechan,https://archive.org/stream/annualreportofbu218smit#page/912/mode/2up, ,1883,373.621000417000000
566,566,1151,-2725920000000.000000000000000,Iowa,https://archive.org/stream/annualreportofbu218smit#page/912/mode/2up, ,1883,567.821977831000030
567,567,1152,-2725920000000.000000000000000,Kickapoo,https://archive.org/stream/annualreportofbu218smit#page/912/mode/2up, ,1883,489.336822557999990
568,568,1153,-2717971200000.000000000000000,Pima and Maricopa,https://archive.org/stream/annualreportofbu218smit#page/914/mode/2up, ,1883,512.442723318000050
569,569,1154,-2713219200000.000000000000000,Quechan,https://archive.org/stream/annualreportofbu218smit#page/914/mode/2up, ,1884,181.863229087000010
570,570,1155,-2702073600000.000000000000000,Navajo,https://archive.org/stream/annualreportofbu218smit#page/916/mode/2up, ,1884,7289.601209329999600
571,571,1156,-2700604800000.000000000000000,Turtle Mountain band of Chippewa,https://archive.org/stream/annualreportofbu218smit#page/916/mode/2up, ,1884,170.074083058000010
572,572,1157,-2697235200000.000000000000000,Chilocco,https://archive.org/stream/annualreportofbu218smit#page/916/mode/2up, ,1884,24.771422619799999
573,573,1158,-2640988800000.000000000000000,Navajo,https://archive.org/stream/annualreportofbu218smit#page/920/mode/2up, ,1886,102.677933911000000
574,574,1159,-2640124800000.000000000000000,Paiute,https://archive.org/stream/annualreportofbu218smit#page/920/mode/2up, ,1886,166.253802737000000
575,575,1160,-2627164800000.000000000000000,Chehalis,https://archive.org/stream/annualreportofbu218smit#page/920/mode/2up, ,1886,3.740165226600000
576,576,1161,-2627164800000.000000000000000,Jemez Pueblo,https://archive.org/stream/annualreportofbu218smit#page/920/mode/2up, ,1886,40.632494609200002
577,577,1162,-2627164800000.000000000000000,Acoma Pueblo,https://archive.org/stream/annualreportofbu218smit#page/920/mode/2up, ,1886,202.693032885000010
578,578,1163,-2627164800000.000000000000000,San Juan Pueblo,https://archive.org/stream/annualreportofbu218smit#page/920/mode/2up, ,1886,36.790978853799999
579,579,1164,-2627164800000.000000000000000,Picuris Pueblo,https://archive.org/stream/annualreportofbu218smit#page/920/mode/2up, ,1886,44.374381238100000
580,580,1165,-2627164800000.000000000000000,San Felipe Pueblo,https://archive.org/stream/annualreportofbu218smit#page/920/mode/2up, ,1886,84.633224177100004
581,581,1166,-2627164800000.000000000000000,Pecos Pueblo,https://archive.org/stream/annualreportofbu218smit#page/920/mode/2up, ,1886,49.532252429000003
582,582,1167,-2627164800000.000000000000000,Cochiti Pueblo,https://archive.org/stream/annualreportofbu218smit#page/920/mode/2up, ,1886,55.171874756699999
583,583,1168,-2627164800000.000000000000000,Santo Domingo Pueblo,https://archive.org/stream/annualreportofbu218smit#page/920/mode/2up, ,1886,190.291326478999990
584,584,1169,-2627164800000.000000000000000,Taos Pueblo,https://archive.org/stream/annualreportofbu218smit#page/920/mode/2up, ,1886,42.263505501600001
585,585,1170,-2627164800000.000000000000000,Santa Clara Pueblo,https://archive.org/stream/annualreportofbu218smit#page/920/mode/2up, ,1886,29.849503280400000
586,586,1171,-2627164800000.000000000000000,Tesuque Pueblo,https://archive.org/stream/annualreportofbu218smit#page/920/mode/2up, ,1886,40.414818491100000
587,587,1172,-2627164800000.000000000000000,San Ildefonso Pueblo,https://archive.org/stream/annualreportofbu218smit#page/920/mode/2up, ,1886,56.182118299300001
588,588,1173,-2627164800000.000000000000000,Pojoaque Pueblo,https://archive.org/stream/annualreportofbu218smit#page/922/mode/2up, ,1886,50.831318214100001
589,589,1174,-2627164800000.000000000000000,Zia Pueblo,https://archive.org/stream/annualreportofbu218smit#page/922/mode/2up, ,1886,40.619027400000000
590,590,1175,-2627164800000.000000000000000,Sandia Pueblo,https://archive.org/stream/annualreportofbu218smit#page/922/mode/2up, ,1886,72.056714299199996
591,591,1176,-2627164800000.000000000000000,Isleta Pueblo,https://archive.org/stream/annualreportofbu218smit#page/922/mode/2up, ,1886,288.501311961999990
592,592,1177,-2627164800000.000000000000000,Nambe Pueblo,https://archive.org/stream/annualreportofbu218smit#page/922/mode/2up, ,1886,34.203283767300000
593,593,1178,-2627164800000.000000000000000,Laguna Pueblo,https://archive.org/stream/annualreportofbu218smit#page/922/mode/2up, ,1886,447.414614879000000
594,594,1179,-2627164800000.000000000000000,Santa Ana Pueblo,https://archive.org/stream/annualreportofbu218smit#page/922/mode/2up, ,1886,46.864208073500002
595,595,1180,-2627164800000.000000000000000,Zuni Pueblo,https://archive.org/stream/annualreportofbu218smit#page/922/mode/2up, ,1886,54.660776463099999
596,596,1181,-2627164800000.000000000000000,Sac and Fox,https://archive.org/stream/annualreportofbu218smit#page/922/mode/2up, ,1886,10.601557777800000
597,597,1182,-2615673600000.000000000000000,Jicarilla Apache,https://archive.org/stream/annualreportofbu218smit#page/924/mode/2up, ,1887,294.361980137999980
598,598,1183,-2577225600000.000000000000000,Indians of Fort Peck agency,https://archive.org/stream/annualreportofbu218smit#page/924/mode/2up, ,1888,7869.270151620000400
599,599,1184,-2577225600000.000000000000000,Indians of Fort Belknap,https://archive.org/stream/annualreportofbu218smit#page/924/mode/2up, ,1888,2346.058334070000000
600,600,1185,-2577225600000.000000000000000,Indians of Blackfoot Agency,https://archive.org/stream/annualreportofbu218smit#page/924/mode/2up, ,1888,7722.162949399999900
601,601,1186,-2558476800000.000000000000000,Umatilla,https://archive.org/stream/annualreportofbu218smit#page/928/mode/2up, ,1888,511.901691000000030
602,602,1187,-2550873600000.000000000000000,Pine Ridge Sioux,https://archive.org/stream/annualreportofbu218smit#page/932/mode/2up, ,1889,8868.871908350000000
603,603,1188,-2550873600000.000000000000000,Rosebud Sioux,https://archive.org/stream/annualreportofbu218smit#page/932/mode/2up, ,1889,9221.119402489999600
604,604,1189,-2550873600000.000000000000000,Standing Rock Sioux,https://archive.org/stream/annualreportofbu218smit#page/932/mode/2up, ,1889,7513.004474209999900
605,605,1190,-2550873600000.000000000000000,Cheyenne River Sioux,https://archive.org/stream/annualreportofbu218smit#page/932/mode/2up, ,1889,9244.942824120000300
606,606,1191,-2550873600000.000000000000000,Lower Brulé Sioux,https://archive.org/stream/annualreportofbu218smit#page/934/mode/2up, ,1889,1416.262070850000100
607,607,1192,-2539814400000.000000000000000,Red Lake Chippewa,https://archive.org/stream/annualreportofbu218smit#page/934/mode/2up, ,1889,3132.445955449999900
608,608,1193,-2539814400000.000000000000000,White Earth Chippewa,https://archive.org/stream/annualreportofbu218smit#page/936/mode/2up, ,1889,2370.685403529999800
609,609,1194,-2521065600000.000000000000000,Cheyenne River Sioux,https://archive.org/stream/annualreportofbu218smit#page/938/mode/2up, ,1890,69.295443266099994
610,610,1195,-2487715200000.000000000000000,"Gros Ventre, and Mandan",https://archive.org/stream/annualreportofbu218smit#page/942/mode/2up, ,1891,3492.311362460000100
611,611,1196,-2487715200000.000000000000000,Crow,https://archive.org/stream/annualreportofbu218smit#page/942/mode/2up, ,1891,10549.704250299999000
612,612,1197,-2446934400000.000000000000000,Fort Berthold,https://archive.org/stream/annualreportofbu218smit#page/944/mode/2up, ,1892,50.311170310300000
613,613,1198,-2445724800000.000000000000000,Colville Indians,https://archive.org/stream/annualreportofbu218smit#page/944/mode/2up, ,1892,5109.822778920000000
614,614,1199,-2433369600000.000000000000000,Chippewa,https://archive.org/stream/annualreportofbu218smit#page/944/mode/2up, ,1892,16.023486680800001
615,615,1200,-4839436800000.000000000000000,"Ottawa, Chippewa, and Potawatomi",https://archive.org/stream/annualreportofbu218smit#page/682/mode/2up,http://digital.library.okstate.edu/Kappler/Vol2/treaties/ott0132.htm,1816,90.127920373300000
616,616,1201,-2685398400000.000000000000000,Northern Cheyenne,https://archive.org/stream/annualreportofbu218smit#page/918/mode/2up, ,1884,1030.014991210000100
617,617,1202,-3069360000000.000000000000000,Shoshone,https://archive.org/stream/annualreportofbu218smit#page/858/mode/2up, ,1872,6877.100336229999800
618,618,1203,-3610828800000.000000000000000,Ottawa and Chippewa,https://archive.org/stream/annualreportofbu218smit#page/810/mode/2up,http://digital.library.okstate.edu/Kappler/Vol2/treaties/ott0725.htm,1855,254.647761344999990
619,619,1204,-3055708800000.000000000000000,Muscogee and Seminole,https://archive.org/stream/annualreportofbu218smit#page/862/mode/2up, ,1873,211.621871303000010
620,620,1205,-2550873600000.000000000000000,Crow Creek Sioux,https://archive.org/stream/annualreportofbu218smit#page/934/mode/2up, ,1889,984.460726840000010